mse_decoded,psnr_decoded,ssim_decoded,mse_enhanced,psnr_enhanced,ssim_enhanced,mse_improvement,psnr_improvement,ssim_improvement,image_idx,q_y,q_c
6.764901457630296,39.82818886130735,0.9732872946963557,8.122171007920885,39.03408231782033,0.9540601820370108,-1.3572695502905887,-0.7941065434870254,-0.019227112659344847,0,1,2
6.213789438429571,40.197238282794174,0.9916720855441036,8.165199686953194,39.01113550621748,0.9602084772520466,-1.951410248523623,-1.1861027765766963,-0.031463608292056966,1,1,2
6.70160248523622,39.869016973788675,0.9895220590293486,9.772144082575615,38.23090499188879,0.9528531657215131,-3.0705415973393944,-1.6381119818998826,-0.036668893307835515,2,1,2
7.079684131280465,39.63066479322503,0.986464098469722,19.46101378440976,35.23914900603255,0.9436140125003002,-12.381329653129296,-4.391515787192482,-0.04285008596942186,3,1,2
6.378034532792776,40.08393494540344,0.9888028986961589,12.755930533097425,37.07368215393775,0.9019039651978983,-6.377896000304649,-3.010252791465689,-0.08689893349826061,4,1,2
6.881684467175978,39.753856050075655,0.9881216572207044,12.999784450771779,36.99144209531572,0.9441331514150993,-6.118099983595801,-2.7624139547599356,-0.043988505805605094,5,1,2
5.874033812179728,40.44143918783136,0.990222763863438,16.184309236736034,36.03986192876973,0.9390307149210066,-10.310275424556306,-4.401577259061625,-0.051192048942431345,6,1,2
6.176012666385452,40.223721828446884,0.9952959188000351,23.298362484962816,34.457549629636084,0.9798101570332457,-17.122349818577362,-5.7661721988108,-0.015485761766789397,7,1,2
6.145086478448007,40.245523618718806,0.9893432155506999,8.805751331864768,38.68313943737567,0.9747611336881478,-2.660664853416761,-1.562384181343134,-0.014582081862552165,8,1,2
6.188585313554555,40.21488978525525,0.9668326993151255,18.84962695092801,35.37777601273399,0.8954437957347531,-12.661041637373454,-4.837113772521263,-0.07138890358037242,9,1,2
6.8533486536839145,39.77177534417601,0.9945438783224928,19.091584133038058,35.32238395193285,0.9619336472239665,-12.238235479354143,-4.449391392243157,-0.03261023109852634,10,1,2
6.930413727580928,39.723211992370416,0.9933177657292629,14.4108091224925,36.54391995073453,0.9583027946878543,-7.4803953949115725,-3.1792920416358896,-0.035014971041408605,11,1,2
6.968640028394888,39.69932329655438,0.9959617934142123,18.367861488017123,35.490217651509376,0.9626571512489958,-11.399221459622236,-4.209105645045007,-0.03330464216521656,12,1,2
6.6712836432555305,39.88870954905487,0.9887454602657213,17.72882869621766,35.644003171774806,0.9575220706725348,-11.05754505296213,-4.2447063772800675,-0.03122338959318649,13,1,2
6.554274709801899,39.96555720823257,0.9914613929133514,12.538662281472629,37.14829155694143,0.978058201897993,-5.984387571670729,-2.8172656512911374,-0.013403191015358473,14,1,2
6.726562744110112,39.852871633013734,0.9941985412453217,11.802535303204287,37.41105052720866,0.9625098857800477,-5.0759725590941756,-2.441821105805076,-0.031688655465273996,15,1,2
6.033003442929009,40.325467877072086,0.9944076638526888,10.857241599682853,37.77360858837998,0.9704146734428418,-4.824238156753844,-2.551859288692107,-0.023992990409846926,16,1,2
5.907682194022622,40.41663236634004,0.9620301686260789,27.600563967589988,33.72162404690013,0.9337001914660846,-21.692881773567365,-6.695008319439907,-0.028329977159994302,17,1,2
7.114320304688476,39.609469465422954,0.9892151537593142,14.429732416260467,36.53822083219947,0.9495802913947005,-7.315412111571991,-3.071248633223483,-0.03963486236461378,18,1,2
6.999423167807149,39.680181101908964,0.9926325703150584,27.2102650986986,33.78347587910603,0.9387061628406047,-20.21084193089145,-5.896705222802936,-0.05392640747445365,19,1,2
4.218939917666542,41.87877020271921,0.9954837738844731,11.421967517732158,37.55339440102171,0.9728947218287445,-7.203027600065616,-4.325375801697497,-0.022589052055728587,20,1,2
6.167659706599175,40.22959956853404,0.9732327012569911,15.316309460340895,36.27926228344997,0.9349095417863369,-9.148649753741719,-3.950337285084075,-0.03832315947065423,21,1,2
7.011833847917448,39.67248744345688,0.9945396708000116,21.11839084079334,34.884195377063435,0.9546192184941725,-14.106556992875891,-4.788292066393446,-0.03992045230583907,22,1,2
6.953452595769279,39.708798626130275,0.9883928427067202,9.157161995375578,38.5131946369812,0.9659597040971732,-2.203709399606299,-1.1956039891490775,-0.022433138609546988,23,1,2
6.828832675212474,39.78733889403303,0.9900577412058295,11.647629861696975,37.468427996867796,0.9686105544769902,-4.818797186484502,-2.3189108971652317,-0.021447186728839274,24,1,2
6.8556864962192225,39.770294113569506,0.9806818365747046,7.55819877984002,39.346620512371125,0.9625595174147993,-0.7025122836207975,-0.4236736011983808,-0.018122319159905365,25,1,2
7.342319026527934,39.47247110031111,0.9922599643406084,17.552439001765404,35.68742888418724,0.9669279968793262,-10.210119975237468,-3.7850422161238697,-0.02533196746128219,26,1,2
6.857048264474753,39.769431545378296,0.9933508821743353,16.467773071334832,35.96445487151772,0.959382895910618,-9.61072480686008,-3.8049766738605797,-0.03396798626371733,27,1,2
5.498939463621735,40.728014221934416,0.9673944483663844,11.808609250992063,37.40881608909429,0.9377379051306646,-6.3096697873703285,-3.3191981328401283,-0.029656543235719868,28,1,2
3.0532981473019,43.28311146675402,0.9928173775598809,4.940374884780027,41.19320455625643,0.9632798070213292,-1.8870767374781274,-2.0899069104975894,-0.02953757053855166,29,1,2
6.461741232541245,40.027307986331465,0.9834611259501104,10.337054059648795,37.98683573360383,0.9464304378100802,-3.8753128271075497,-2.040472252727632,-0.03703068814003019,30,1,2
6.8418149391482315,39.779090378755875,0.9921161338681568,12.955888326459192,37.00613164923686,0.9658010192848473,-6.1140733873109605,-2.7729587295190115,-0.026315114583309485,31,1,2
5.778132591824459,40.51292857413556,0.993816466819417,9.455713909784714,38.37386037060151,0.9760103610774594,-3.6775813179602554,-2.1390682035340447,-0.017806105741957623,32,1,2
6.347767320100613,40.10459361727818,0.9789976498892804,16.875245818882014,35.85830253023725,0.9523062005138713,-10.527478498781402,-4.246291087040923,-0.026691449375409126,33,1,2
6.276579929461942,40.15357297124227,0.9900917541195389,9.362196180555555,38.417026235381336,0.9577447618721631,-3.0856162510936134,-1.7365467358609337,-0.032346992247375805,34,1,2
6.829500194311649,39.78691439147575,0.9873133456101254,14.226780368274278,36.59973733903783,0.9558894991096518,-7.3972801739626295,-3.1871770524379173,-0.031423846500473585,35,1,2
6.8605230498531435,39.76723133061239,0.9819702744443735,10.71764613407699,37.82980947081267,0.9409413224874205,-3.857123084223846,-1.93742185979972,-0.041028951956953,36,1,2
6.936806117008811,39.719208046832,0.9925496003879553,21.3486773625953,34.837093869832,0.94486935756453,-14.41187124558649,-4.882114176999998,-0.0476802428234252,37,1,2
7.095803210145607,39.62078798285074,0.9904430605301068,17.875268032902138,35.60827798264015,0.939045063895458,-10.77946482275653,-4.01251000021059,-0.051397996634648724,38,1,2
6.645356952451256,39.90562047023873,0.9910541978161337,9.832090080536808,38.20434512012616,0.9645932008822902,-3.186733128085552,-1.7012753501125673,-0.026460996933843517,39,1,2
6.131149866032371,40.25538428985429,0.9019615594607862,9.953869047619047,38.15088437969102,0.8939627560167728,-3.8227191815866766,-2.1044999101632698,-0.00799880344401338,40,1,2
7.058062932563117,39.64394834480253,0.9877059915423828,11.914908585645545,37.36989646195675,0.9344326910045956,-4.856845653082428,-2.2740518828457823,-0.05327330053778723,41,1,2
6.783491785206537,39.81627057460663,0.9961578437491818,14.425329768349268,36.53954610794915,0.9581412995669848,-7.641837983142731,-3.276724466657477,-0.03801654418219702,42,1,2
6.106530384873766,40.272858384649794,0.9886801602322769,11.124544978752656,37.66798104563997,0.9614888466719712,-5.01801459387889,-2.6048773390098248,-0.027191313560305685,43,1,2
0.7479825519856893,49.391888935712494,0.9980879443269696,13.583622115594926,36.80064769490018,0.9235328677949329,-12.835639563609236,-12.591241240812316,-0.07455507653203663,44,1,2
6.684173633569241,39.88032637910836,0.98769172421897,5.966903551118611,40.373313428923396,0.9736004955431952,0.7172700824506304,0.49298704981503505,-0.014091228675774836,45,1,2
5.891203907128796,40.428763060137214,0.9889688244644623,8.27158299548494,38.95491729137,0.9296433859234671,-2.3803790883561433,-1.4738457687672124,-0.05932543854099526,46,1,2
6.846885472323772,39.775872973724034,0.9864315633734714,26.614032498867328,33.879696779992074,0.9430105011711261,-19.767147026543554,-5.896176193731961,-0.04342106220234532,47,1,2
7.075766896325459,39.63306843768028,0.9914159757904718,15.416298182453756,36.251002590037345,0.9653432366828625,-8.340531286128297,-3.3820658476429344,-0.026072739107609322,48,1,2
6.715263375281215,39.860173103280744,0.9856038947171379,16.839976179735345,35.86738888016442,0.9409016017818645,-10.12471280445413,-3.992784223116324,-0.04470229293527339,49,1,2
6.935441053266779,39.720062760052215,0.9921203901100065,16.13704915303556,36.052562390145965,0.9532387739427696,-9.20160809976878,-3.66750036990625,-0.038881616167236954,50,1,2
6.266153254280715,40.160793484463035,0.9892493724578876,15.776294320631797,36.15075361050061,0.9008038390949946,-9.510141066351082,-4.010039873962427,-0.08844553336289296,51,1,2
7.334320636678227,39.47720468647175,0.9895043414847238,13.81586615637889,36.72702243591922,0.9689832726289724,-6.481545519700663,-2.750182250552534,-0.020521068855751334,52,1,2
6.119746018075865,40.263469624538885,0.989165799550476,7.92130231767904,39.14283772348403,0.9636297370338726,-1.8015562996031749,-1.1206319010548569,-0.025536062516603453,53,1,2
6.810569089020123,39.79896957927976,0.9911842049957067,9.423970807360018,38.38846428737075,0.9664041281058907,-2.6134017183398948,-1.4105052919090113,-0.024780076889815983,54,1,2
7.346554825178103,39.46996636911145,0.9914819462989616,14.987151386350144,36.37361266695637,0.9386265642570959,-7.640596561172041,-3.0963537021550778,-0.052855382041865684,55,1,2
6.531857468011811,39.980436614614746,0.987977143502655,16.208062615219973,36.03349255075793,0.9606263506208638,-9.676205147208162,-3.9469440638568187,-0.02735079288179121,56,1,2
6.927461948115861,39.7250621194503,0.9807223862636167,9.584282311390764,38.31520763202323,0.9573726448728613,-2.6568203632749032,-1.4098544874270686,-0.023349741390755407,57,1,2
6.798552768794526,39.80663888076367,0.9916593542366586,18.56842760377609,35.44305232137083,0.9740415586583548,-11.769874834981565,-4.363586559392843,-0.017617795578303785,58,1,2
6.9721952480549305,39.697108203580164,0.9927182904501627,16.308951493368017,36.00654319832651,0.9624554670412572,-9.336756245313087,-3.690565005253653,-0.030262823408905515,59,1,2
7.284369361056431,39.5068840186122,0.9904820683647784,16.909000510678354,35.8496242361469,0.9420122580256404,-9.624631149621923,-3.657259782465296,-0.048469810339138,60,1,2
7.118257068452381,39.60706692823239,0.9762115750480381,12.975591429977502,36.99953198669432,0.9425303361174583,-5.857334361525121,-2.60753494153807,-0.03368123893057984,61,1,2
4.2208016234298835,41.87685419960674,0.9921865067901617,4.636882791994751,41.46854242637246,0.9831758063906554,-0.4160811685648671,-0.40831177323428136,-0.009010700399506355,62,1,2
6.427496611751656,40.05038504490849,0.9921404257931553,14.573945468730471,36.49503220673905,0.9566426970525085,-8.146448856978814,-3.5553528381694406,-0.03549772874064683,63,1,2
6.813491209106674,39.79710660947379,0.9892209103201344,12.450670961051744,37.17887604871445,0.9671074005353176,-5.6371797519450695,-2.6182305607593435,-0.022113509784816743,64,1,2
7.085507255928946,39.62709413755847,0.9867577249710227,14.484628508350518,36.52172999667263,0.9590081739830514,-7.399121252421572,-3.1053641408858397,-0.027749550987971272,65,1,2
6.394790861103299,40.07254015236039,0.989900892843454,10.78971512838239,37.80070382339289,0.9642866108977506,-4.394924267279091,-2.2718363289675025,-0.025614281945703365,66,1,2
5.129906125015623,41.029709430778745,0.9907605515627896,14.076341409472253,36.645905691404096,0.967586110787897,-8.94643528445663,-4.383803739374649,-0.023174440774892613,67,1,2
6.724201344949069,39.85439651684778,0.9859778076281142,15.749389846776966,36.1581662758742,0.9531720628148789,-9.025188501827897,-3.696230240973577,-0.03280574481323528,68,1,2
6.894191448725159,39.74597021457943,0.9961403136058918,19.918701812664043,35.13819330694315,0.9722830533133285,-13.024510363938884,-4.6077769076362785,-0.023857260292563298,69,1,2
6.955296237384389,39.70764728837252,0.9925796282520718,9.048701187742157,38.5649411398056,0.9655761106198434,-2.093404950357768,-1.1427061485669228,-0.027003517632228413,70,1,2
7.102679669924072,39.61658132387804,0.970228381292901,8.213173182453756,38.985693804378855,0.9531248621521131,-1.1104935125296844,-0.6308875194991828,-0.017103519140787893,0,2,3
6.6656008819210095,39.89241055139055,0.9907252710157595,8.22130644313992,38.981395243542465,0.9602473375924149,-1.5557055612189101,-0.911015307848082,-0.030477933423344594,1,2,3
7.07720079911886,39.63218842991613,0.987329638206207,9.867882237376579,38.18856402859565,0.9528740762034184,-2.7906814382577183,-1.443624401320477,-0.03445556200278865,2,2,3
7.694484600557743,39.26900826061056,0.9844222665027491,19.747642018380514,35.175651150594845,0.9428860604858281,-12.05315741782277,-4.093357110015717,-0.041536206016920985,3,2,3
6.753375798728284,39.83559443700224,0.9871238744136331,12.84317841617454,37.044078450956974,0.9019186797711795,-6.0898026174462565,-2.791515986045269,-0.08520519464245369,4,2,3
7.243074107924009,39.53157432135811,0.9867227969159226,13.095988245609924,36.95942084267709,0.9439759617721072,-5.852914137685914,-2.5721534786810167,-0.04274683514381539,5,2,3
6.043582442819647,40.31785910006306,0.989430296462411,16.19972625492126,36.035726850278486,0.9391970692633879,-10.156143812101611,-4.282132249784574,-0.05023322719902312,6,2,3
6.936356710294025,39.71948941721431,0.9949603291894106,23.924299013404575,34.342411391450575,0.9793369814056735,-16.98794230311055,-5.377078025763737,-0.015623347783737085,7,2,3
6.569994668635171,39.95515343725674,0.988162645442339,9.069423206864768,38.555006929964804,0.9749482672581408,-2.499428538229597,-1.400146507291936,-0.013214378184198239,8,2,3
6.710245813999813,39.86341931055357,0.9656270352930335,19.090074312000063,35.32272741891281,0.8946304586349346,-12.37982849800025,-4.540691891640755,-0.07099657665809889,9,2,3
7.469269100151544,39.39802254541298,0.9930880829992427,19.4032952912136,35.25204867780044,0.9615321020574532,-11.934026191062056,-4.14597386761254,-0.03155598094178946,10,2,3
7.388514668088364,39.44523221023673,0.9914105089705024,14.593496857814648,36.48920991929301,0.9576423106968891,-7.204982189726284,-2.9560222909437215,-0.033768198273613326,11,2,3
7.41823141247969,39.42779983803685,0.9949431834133282,18.581024295791153,35.44010709673773,0.9623336161639519,-11.162792883311463,-3.9876927412991208,-0.03260956724937636,12,2,3
7.134860583833271,39.59694869508829,0.9876541189575457,17.95184952466879,35.5897116160378,0.9572022912482311,-10.81698894083552,-4.007237079050483,-0.03045182770931465,13,2,3
7.255622222026934,39.52405698607526,0.9905290291735042,12.917020138107736,37.01918024208783,0.9781088051850695,-5.6613979160808015,-2.504876743987431,-0.012420223988434675,14,2,3
7.103457038573303,39.61610602658641,0.9927309630918977,11.954774940241844,37.355389563367446,0.9620032165050567,-4.851317901668541,-2.2607164632189622,-0.030727746586840965,15,2,3
7.287899437375016,39.50477989506486,0.9935730432407599,11.594991788135857,37.48809915472045,0.9703183185530015,-4.307092350760842,-2.0166807403444054,-0.023254724687758355,16,2,3
6.436193034464442,40.04451299874489,0.964600242193256,27.965330261451694,33.66460408296827,0.9346365415200836,-21.529137226987253,-6.379908915776625,-0.029963700673172444,17,2,3
7.585548144372578,39.33093391766924,0.9871551029081415,14.630062721651981,36.47834172841782,0.9493702203546887,-7.044514577279403,-2.8525921892514248,-0.0377848825534528,18,2,3
7.549900622773716,39.35139125697668,0.9913206274461249,27.487499121203598,33.739451323837905,0.9383243360508474,-19.93759849842988,-5.611939933138778,-0.052996291395277506,19,2,3
4.532168952513748,41.567742695228105,0.99483207435159,11.607400637420323,37.48345386195411,0.9724532754132236,-7.075231684906575,-4.084288833273995,-0.022378798938366473,20,2,3
6.598765242235346,39.936176826975306,0.9721196155612821,15.526940602151294,36.21994469240785,0.9343641002651849,-8.928175359915947,-3.7162321345674556,-0.03775551529609722,21,2,3
7.609555153262092,39.317210917623086,0.9930029813099637,21.383310362571866,34.83005421411948,0.9542947913890311,-13.773755209309773,-4.487156703503608,-0.03870818992093261,22,2,3
7.320239144911573,39.48555091610207,0.9855361917894087,9.271711763568616,38.45920438930208,0.9651855027613473,-1.9514726186570428,-1.0263465267999905,-0.020350689028061364,23,2,3
7.68669114114642,39.27340929829944,0.9875456454990911,12.127121316866642,37.29322638696415,0.9675743503376971,-4.4404301757202225,-1.980182911335291,-0.019971295161393954,24,2,3
7.165010989837207,39.578635000044706,0.977816631535276,7.658551470128734,39.289337254414114,0.9617956744584132,-0.49354048029152686,-0.2892977456305914,-0.016020957076862796,25,2,3
7.880806525160917,39.165096952180846,0.989967877417639,17.795293288534246,35.62775210756627,0.9660709302601947,-9.91448676337333,-3.537344844614573,-0.02389694715744428,26,2,3
7.303752192108799,39.49534331202763,0.992006062250334,16.63727751804462,35.919980999483094,0.9589680837586895,-9.33352532593582,-3.5753623125445344,-0.03303797849164458,27,2,3
5.752213102268467,40.532453938851354,0.9663342263244553,11.891154840996437,37.37856326542138,0.9374146090605248,-6.13894173872797,-3.153890673429977,-0.028919617263930553,28,2,3
3.255111299564117,43.00514518206356,0.9908648646639585,4.9804571547697165,41.158111525094725,0.9631299232724225,-1.7253458552055996,-1.8470336569688328,-0.027734941391535983,29,2,3
6.831894060117485,39.78539237593155,0.9814318188886436,10.441887146919136,37.943013657046805,0.9462715480696069,-3.6099930868016505,-1.8423787188847456,-0.03516027081903672,30,2,3
7.622059205489939,39.31008042971028,0.9907620364630287,13.228856890935509,36.915580425615374,0.9657455370857241,-5.60679768544557,-2.3945000040949083,-0.025016499377304657,31,2,3
7.113700509116048,39.609847836808136,0.992700597492386,9.930998493352394,38.16087444864707,0.9758643080544916,-2.8172979842363466,-1.4489733881610647,-0.01683628943789439,32,2,3
6.812566397950256,39.79769612757834,0.9783504195719823,17.11099161921166,35.79805182286901,0.9519095463103809,-10.298425221261404,-3.999644304709328,-0.026440873261601383,33,2,3
6.9450493493000875,39.71405024825584,0.9880850850103217,9.47437954533027,38.365295822132666,0.9578863860541172,-2.529330196030183,-1.3487544261231719,-0.030198698956204417,34,2,3
7.166383987157856,39.577802861703944,0.9856659251412151,14.370714891107362,36.55601987616044,0.9555192318004461,-7.204330903949506,-3.0217829855435028,-0.030146693340769026,35,2,3
7.415031861251719,39.42967339402892,0.977634523576357,10.96018820401356,37.7326234912259,0.938941233068579,-3.5451563427618416,-1.6970499028030162,-0.03869329050777803,36,2,3
7.386682987868704,39.446308999372974,0.9912699049958441,21.580268042666543,34.790235262333425,0.9446599444010456,-14.19358505479784,-4.656073737039549,-0.046609960594798494,37,2,3
7.8169246178212095,39.200444369908915,0.988130955197958,18.16499194924853,35.53845151149095,0.9382334894987386,-10.348067331427321,-3.6619928584179675,-0.04989746569921938,38,2,3
6.9452269394060115,39.713939197328635,0.9894735435790979,9.87346137396888,38.18610929365154,0.9645142567504682,-2.928234434562868,-1.5278299036770946,-0.02495928682862969,39,2,3
6.279633502843395,40.151460630443125,0.9055437817530804,9.985518167650918,38.13709754704496,0.8952769339951147,-3.705884664807523,-2.014363083398166,-0.010266847757965714,40,2,3
7.421950430024372,39.42562311426256,0.985270640650039,11.977828699146981,37.34702263135515,0.9342341756037275,-4.5558782691226085,-2.0786004829074045,-0.05103646504631154,41,2,3
7.146144207559993,39.590085849494834,0.9951760870795222,14.51583029660355,36.512384786113294,0.9580734322318505,-7.369686089043557,-3.0777010633815394,-0.03710265484767172,42,2,3
6.570075347026934,39.955100106977206,0.9883013336216862,11.332056027176291,37.58771647805131,0.9615302423256161,-4.761980680149357,-2.367383628925893,-0.026771091296070026,43,2,3
0.8997265234423822,48.58969837437871,0.9972541670517691,13.594127272176916,36.79729029271267,0.9236030043050145,-12.694400748734534,-11.792408081666046,-0.07365116274675454,44,2,3
7.089354797447194,39.624736490499885,0.9859844184018435,6.028313721526996,40.32884515370188,0.9737964605693424,1.0610410759201976,0.7041086632019926,-0.01218795783250104,45,2,3
6.43521122359705,40.045175545012974,0.9865264846328422,8.370834016841645,38.903116303695796,0.9297728266357339,-1.9356227932445949,-1.1420592413171775,-0.0567536579971083,46,2,3
7.400287244367892,39.43831783539255,0.9857953357714018,26.957995729049493,33.82392760696434,0.942706054843384,-19.5577084846816,-5.6143902284282134,-0.04308928092801778,47,2,3
7.510451818522685,39.37414296515024,0.98988870409312,15.616912754069803,36.1948517680609,0.9648388977282613,-8.106460935547119,-3.1792911970893414,-0.025049806364858762,48,2,3
7.18996563417854,39.563535462739424,0.9841650669159488,17.05836172333927,35.81143041461863,0.9404218833320345,-9.868396089160731,-3.7521050481207965,-0.04374318358391438,49,2,3
7.327862703685477,39.481030371609506,0.9905600474594456,16.267644645005312,36.017556838822806,0.9530759581126044,-8.939781941319836,-3.4634735327867006,-0.03748408934684122,50,2,3
7.315985038003062,39.488075522427756,0.9876546067002447,16.344500272426885,35.99708714155574,0.9007665813434746,-9.028515234423821,-3.490988380872018,-0.0868880253567701,51,2,3
7.700760305352456,39.26546755160591,0.9883101287107223,13.952316873476754,36.684340298304726,0.9686456080790425,-6.251556568124298,-2.581127253301183,-0.019664520631679783,52,2,3
7.005533488001499,39.67639147431258,0.9867659491162944,8.315367439421635,38.93198916285613,0.9635526452235471,-1.3098339514201358,-0.7444023114564544,-0.02321330389274734,53,2,3
7.349340609767529,39.46831985373604,0.9898722017405724,9.550248845847394,38.33065672952189,0.9662840884549598,-2.200908236079865,-1.13766312421415,-0.02358811328561261,54,2,3
7.902192157620922,39.1533277465438,0.9883424688549137,15.245492995016248,36.299388881157824,0.9372131780245989,-7.343300837395326,-2.8539388653859774,-0.05112929083031481,55,2,3
7.149538680711786,39.5880234072904,0.9844241637067351,16.48925000097644,35.95879458276442,0.9594650576218698,-9.339711320264655,-3.629228824525981,-0.02495910608486529,56,2,3
7.251757836911011,39.52637067905727,0.9779779704572218,9.692731889959068,38.26634160956531,0.9564345232076868,-2.4409740530480573,-1.2600290694919636,-0.02154344724953494,57,2,3
7.4121902975018745,39.43133800181374,0.9905850576661063,18.926653455427445,35.36006530545161,0.9739371445365682,-11.51446315792557,-4.071272696362129,-0.01664791312953806,58,2,3
7.382048313296775,39.449034776715706,0.991168400915846,16.460771016904136,35.96630187309721,0.9620743348852666,-9.078722703607362,-3.4827329036184977,-0.029094066030579402,59,2,3
7.766366362407824,39.2286248722301,0.9882288266766786,17.09559144462411,35.801962304826894,0.9412608013443876,-9.329225082216285,-3.4266625674032056,-0.04696802533229094,60,2,3
7.684272864329459,39.2747758284476,0.9717592550253887,13.198632763677978,36.92551415566896,0.9405829485909579,-5.514359899348519,-2.3492616727786455,-0.03117630643443081,61,2,3
5.55151187156293,40.686690880043805,0.9910823614042966,5.109863464332584,41.04671064936552,0.9827170796489474,0.44164840723034615,0.36001976932171686,-0.00836528175534923,62,2,3
6.935257726573241,39.72017755999511,0.9908464826641804,14.762855326677915,36.4390999710098,0.9566384245066853,-7.827597600104674,-3.2810775889853048,-0.03420805815749506,63,2,3
7.19020461797744,39.563391112090834,0.9877362593557993,12.593931373812648,37.129190384300294,0.9667961555839598,-5.403726755835208,-2.4342007277905395,-0.020940103771839524,64,2,3
7.527546483447382,39.36426914857491,0.9847075271173292,14.655786679008873,36.470712258325875,0.9584314449046537,-7.128240195561491,-2.8935568902490374,-0.026276082212675522,65,2,3
6.957710364329459,39.70614014897211,0.9879352330594301,10.936555293869516,37.741998078322034,0.9643675309578513,-3.978844929540057,-1.9641420706500767,-0.02356770210157877,66,2,3
5.506788458083364,40.72181967381303,0.9895818878624393,14.30093503937008,36.577159269578814,0.9669190863266092,-8.794146581286714,-4.144660404234216,-0.022662801535830113,67,2,3
7.14478610095613,39.5909112935953,0.9844884340796352,15.898585308672354,36.11721879312955,0.9529232544328802,-8.753799207716224,-3.473692500465745,-0.03156517964675498,68,2,3
7.3831504704490065,39.448386413253345,0.9952812503931697,20.181306560312773,35.081310813473145,0.9719323641458493,-12.798156089863767,-4.3670755997802,-0.023348886247320455,69,2,3
7.308673940171541,39.49241773610143,0.9906240088180578,9.1790574518029,38.502822727491136,0.9648191230591984,-1.870383511631358,-0.9895950086102943,-0.02580488575885942,70,2,3
7.79648198272091,39.21181681273312,0.9629459659982361,8.355169226893514,38.91125110281617,0.9517751519141449,-0.5586872441726038,-0.3005657099169454,-0.011170814084091263,0,3,5
6.866117321272341,39.76369140929668,0.988618145361697,8.262364543299276,38.959760083233675,0.9601478121500264,-1.3962472220269344,-0.8039313260630081,-0.028470333211670584,1,3,5
7.848240527551243,39.18308056329412,0.982222438430849,10.074787892724347,38.09844449279484,0.9525524022649204,-2.2265473651731034,-1.084636070499279,-0.02967003616592856,2,3,5
9.040696328974503,38.56878479044671,0.9783765450648008,20.319108793041494,35.05175705226118,0.9401948418327905,-11.27841246406699,-3.517027738185533,-0.03818170323201031,3,3,5
7.452872956310149,39.40756642675862,0.9829187427775388,12.950475306797587,37.00794652733937,0.9018193025001199,-5.497602350487439,-2.3996198994192497,-0.08109944027741889,4,3,5
7.977924878530809,39.11190418264,0.983039684678145,13.273927795158418,36.900809099431996,0.9433464962229552,-5.296002916627609,-2.2110950832080007,-0.039693188455189765,5,3,5
6.528358393677353,39.98276372578608,0.9878287321047526,16.386221375648358,35.98601543044822,0.9394658250781113,-9.857862981971005,-3.9967482953378592,-0.048362907026641366,6,3,5
9.136729979065118,38.52289570621221,0.9939205709913278,25.793815567975876,34.01564770666815,0.9779256901018378,-16.65708558891076,-4.507247999544063,-0.01599488088948997,7,3,5
6.952266708848894,39.70953936328404,0.9859204084217718,9.083552544213223,38.54824628138938,0.9749490501399837,-2.131285835364329,-1.1612930818946552,-0.01097135828178808,8,3,5
7.861235607267841,39.1758954825802,0.9630004156095539,19.565366340926133,35.21592376847249,0.8935170548189423,-11.704130733658292,-3.9599717141077093,-0.06948336079061157,9,3,5
8.982227929516624,38.59696289513807,0.9896915426786794,20.108555156191414,35.09699494161568,0.9606920310606554,-11.12632722667479,-3.4999679535223933,-0.028999511618024054,10,3,5
8.523486566132359,38.82463079869309,0.9870915970617791,15.039715738657668,36.35840733009831,0.956166599411998,-6.516229172525309,-2.4662234685947837,-0.030924997649781072,11,3,5
8.52146570057649,38.82566060593451,0.9926146463023519,19.134588645169355,35.31261230657188,0.9615328287619936,-10.613122944592865,-3.51304829936263,-0.031081817540358214,12,3,5
8.199479337543744,38.99294085070878,0.9847292794932581,18.454814852245033,35.46970668369649,0.9563466752451237,-10.255335514701288,-3.5232341670122906,-0.028382604248134324,13,3,5
8.00352214273997,39.09799210059965,0.98924382275508,13.209713165737096,36.9218697337375,0.9780659372886823,-5.206191022997126,-2.1761223668621454,-0.011177885466397752,14,3,5
8.035887725948319,39.08046500529595,0.9892478128652042,12.330934219160104,37.220843799042655,0.9608403000119452,-4.295046493211785,-1.8596212062532942,-0.028407512853259043,15,3,5
8.302800895005312,38.93855737401759,0.9917198956459597,12.054737420517748,37.31922605968804,0.9699400949113928,-3.751936525512436,-1.6193313143295498,-0.02177980073456698,16,3,5
7.8985590668353955,39.15532490640766,0.9696407831544507,29.006638330364954,33.505829608887055,0.9367184481287995,-21.108079263529557,-5.649495297520602,-0.03292233502565123,17,3,5
8.716984229510373,38.72714100593249,0.98226767519558,15.115542930180602,36.33656609794247,0.9486225208626274,-6.398558700670229,-2.3905749079900147,-0.033645154332952565,18,3,5
8.957623827295025,38.60887540441793,0.988035886995673,28.194097930141545,33.62922156968507,0.9373477471578999,-19.236474102846522,-4.979653834732858,-0.050688139837773094,19,3,5
5.2968828115235596,40.890599961769134,0.9932058639253531,12.04401805731315,37.32308962899193,0.9715171023575143,-6.74713524578959,-3.5675103327772035,-0.021688761567838832,20,3,5
7.66645599964067,39.28485713411364,0.9698096857385924,16.113240727721536,36.05897465475091,0.9328678506701986,-8.446784728080866,-3.225882479362731,-0.03694183506839377,21,3,5
8.960752952755906,38.60735856843291,0.989288728921368,21.958674477213787,34.7147424023586,0.9536710912207065,-12.997921524457881,-3.892616166074305,-0.03561763770066151,22,3,5
7.996773840769904,39.10165547093306,0.9809370084881189,9.446937907175666,38.377893000326736,0.9644102960719642,-1.4501640664057627,-0.7237624706063244,-0.016526712416154776,23,3,5
8.637205993782027,38.76707083403312,0.9845616999834189,12.5474593996063,37.145245617782486,0.9666338393750625,-3.910253405824273,-1.6218252162506346,-0.017927860608356383,24,3,5
7.733052533472378,39.24729400357562,0.9727187446371875,7.8753555463770155,39.168101909975164,0.9604913125034445,-0.14230301290463743,-0.07919209360045443,-0.012227432133743,25,3,5
9.182585453185538,38.50115382285182,0.9856510226087559,18.350315951716972,35.49436814628252,0.9646427578319519,-9.167730498531434,-3.006785676569301,-0.021008264776804064,26,3,5
8.482679899387577,38.84547282001643,0.9892940003211281,17.18156629347113,35.78017608729778,0.9581105476444165,-8.698886394083551,-3.06529673271865,-0.03118345267671163,27,3,5
6.418316973073678,40.05659199641996,0.9631681386888973,12.106624855486814,37.300572756060404,0.9363184266361624,-5.6883078824131355,-2.7560192403595565,-0.026849712052734898,28,3,5
3.8214304022544057,42.30854406456824,0.9867501631203442,5.08777027871516,41.065528669026044,0.9626971190453916,-1.2663398764607545,-1.2430153955421943,-0.02405304407495268,29,3,5
7.459090196733221,39.40394502112993,0.9766056343140584,10.551497224956256,37.89766271812284,0.9457122129610339,-3.092407028223035,-1.5062823030070902,-0.03089342135302453,30,3,5
8.278064485103425,38.951515556894336,0.9877330595668591,13.512846416658855,36.823335201478066,0.9653305138200367,-5.23478193155543,-2.1281803554162693,-0.022402545746822433,31,3,5
8.331187727510624,38.9237344028547,0.990748230008287,10.337952873078365,37.986458128204,0.9756152048025034,-2.0067651455677407,-0.9372762746506993,-0.015133025205783635,32,3,5
7.9013759754640045,39.15377633309629,0.9767536737486727,17.712423886467317,35.648023638513926,0.9506447946231992,-9.811047911003312,-3.5057526945823625,-0.02610887912547355,33,3,5
7.328195669877203,39.48083303972659,0.983884394525978,9.610806461692288,38.30320529165268,0.9578008718996135,-2.2826107918150855,-1.1776277480739097,-0.026083522626364486,34,3,5
7.991861246836333,39.10432425722111,0.9816287559654436,14.727453623961066,36.44952697030038,0.9540209011595708,-6.735592377124734,-2.6547972869207257,-0.0276078548058728,35,3,5
8.622461621008311,38.77449090889822,0.968487095042462,11.446545378116799,37.5440592655886,0.9350053498431325,-2.824083757108488,-1.2304316433096218,-0.03348174519932945,36,3,5
8.494760054407262,38.839292447044706,0.9882995572025927,22.104458012084425,34.68600490132993,0.9440994969045583,-13.609697957677163,-4.153287545714775,-0.04420006029803436,37,3,5
8.755182945881765,38.708151354562325,0.983011766281916,18.679121896872267,35.41723904621936,0.9367205231660516,-9.923938950990502,-3.2909123083429677,-0.04629124311586441,38,3,5
7.629255571569179,39.305981973471454,0.9857792946443199,10.04341217601706,38.11199074607072,0.96398793910538,-2.4141566044478813,-1.193991227400737,-0.02179135553893985,39,3,5
6.753845832747469,39.835292179163446,0.9080095905939559,10.133262150824898,38.07331082730056,0.8966572333016081,-3.3794163180774284,-1.761981351862886,-0.011352357292347848,40,3,5
8.226314362071928,38.978750591588295,0.9795153546598673,12.108899595558368,37.29975682736495,0.9335519979960761,-3.8825852334864397,-1.6789937642233426,-0.045963356663791144,41,3,5
8.166419627234095,39.010486687110145,0.9928094717657346,14.784982687710912,36.432595405371245,0.9579982266119683,-6.618563060476816,-2.5778912817389,-0.034811245153766324,42,3,5
6.936580559266029,39.7193492646692,0.9869724688290323,11.511198795463066,37.51959806730391,0.9612322940313826,-4.574618236197037,-2.1997511973652877,-0.025740174797649784,43,3,5
1.2915969732299089,47.01953342261319,0.9951682056131869,13.638316084512873,36.78319609341419,0.9236707099495923,-12.346719111282964,-10.236337329199003,-0.07149749566359453,44,3,5
7.586589273997,39.33033788187142,0.9824975344749239,6.0837444147606545,40.289094003243385,0.9736860145915628,1.5028448592363457,0.9587561213719624,-0.008811519883361152,45,3,5
7.2634503450740535,39.5193738894701,0.9811157321801751,8.477534668517997,38.84810786385315,0.9302304991978522,-1.2140843234439433,-0.6712660256169514,-0.05088523298232295,46,3,5
8.89667795431821,38.63852490789012,0.9839695903384872,27.872824124523497,33.678993864294895,0.9419184672416329,-18.976146170205286,-4.959531043595227,-0.042051123096854326,47,3,5
8.590827025528059,38.79045386171222,0.9865100568088153,16.152304936492314,36.04845855886646,0.9636124657442645,-7.561477910964255,-2.7419953028457655,-0.022897591064550804,48,3,5
8.326514727651231,38.92617106314632,0.9804714897936332,17.60311369770185,35.67490866796551,0.9391102164509398,-9.27659897005062,-3.2512623951808095,-0.04136127334269335,49,3,5
8.25890159726128,38.96158069233792,0.9869082518924936,16.59548501261561,35.930904114312376,0.9525850985818304,-8.336583415354331,-3.030676578025542,-0.03432315331066327,50,3,5
8.098570930586801,39.04671970596152,0.9837315979067492,16.61884757081146,35.92479456401182,0.9004146645008495,-8.52027664022466,-3.1219251419497027,-0.08331693340589974,51,3,5
8.47647169103862,38.84865244929743,0.9857247987449845,14.137811264802837,36.626981811944745,0.968448649715266,-5.6613395737642165,-2.2216706373526875,-0.017276149029718524,52,3,5
8.024135288752968,39.08682118489701,0.9824784741862339,8.546665553524559,38.81283651304542,0.9637198773670196,-0.522530264771591,-0.2739846718515935,-0.018758596819214324,53,3,5
8.137855936953194,39.02570363522193,0.9870004979138115,9.71539556090645,38.25619873335951,0.9659923089077225,-1.577539623953255,-0.7695049018624189,-0.02100818900608903,54,3,5
9.192428949311024,38.49650079089742,0.9815417350006043,15.780674022192539,36.14954812066283,0.9346968742674958,-6.588245072881515,-2.346952670234593,-0.04684486073310845,55,3,5
8.138946376820085,39.02512173712104,0.9815388665946476,16.988508760623674,35.82925102390628,0.9586484533292273,-8.849562383803589,-3.1958707132147595,-0.022890413265420295,56,3,5
7.903586758686414,39.15256135906998,0.973077751823674,9.915655440530871,38.1675893382457,0.9550570515279592,-2.0120686818444575,-0.98497202082428,-0.018020700295714787,57,3,5
8.927654795103736,38.623429717788895,0.9883661341620801,19.824539876851333,35.1587724463935,0.9733868946725623,-10.896885081747596,-3.464657271395396,-0.014979239489517737,58,3,5
8.417313558461442,38.87906855223065,0.9874813526098647,16.822995026012375,35.871770443478425,0.9613520548684159,-8.405681467550933,-3.0072981087522237,-0.026129297741448787,59,3,5
9.030122333341145,38.57386727017845,0.9824898687760366,17.576825479822833,35.68139920226195,0.9394313913423993,-8.546703146481688,-2.8924680679164965,-0.04305847743363733,60,3,5
8.951354103198037,38.61191623310194,0.963479153023962,13.644946359244157,36.781085281489176,0.9375876143327874,-4.69359225604612,-1.8308309516127608,-0.025891538691174665,61,3,5
6.144674786745407,40.24581458520855,0.9895715887691745,5.301671153410511,40.886675746055666,0.9827239485930539,0.843003633334896,0.6408611608471162,-0.006847640176120606,62,3,5
7.960437074271966,39.12143447183845,0.9873780075739225,15.111719189398201,36.33766486072444,0.9563965057064863,-7.151282115126235,-2.7837696111140104,-0.0309815018674362,63,3,5
7.967104087574991,39.11779869751777,0.9843485941901821,12.86657832321741,37.03617292822883,0.9662272846765304,-4.89947423564242,-2.081625769288941,-0.01812130951365165,64,3,5
8.595658086684477,38.788012288297374,0.9802326126464198,15.096799789674728,36.341954652954584,0.9573623044281545,-6.501141702990251,-2.4460576353427896,-0.0228703082182653,65,3,5
7.583347247609674,39.33219417730105,0.9836270293641176,11.083043696686351,37.68421315353666,0.9643996164463986,-3.4996964490766773,-1.6479810237643875,-0.01922741291771901,66,3,5
6.658065202787151,39.89732316957444,0.9867333857441204,14.837532027246594,36.41718691466917,0.9654272873014556,-8.179466824459443,-3.4801362549052683,-0.021306098442664845,67,3,5
8.1675136066976,39.009904942054355,0.9811639190534908,16.288423419728783,36.012013105218045,0.9523684348983436,-8.120909813031183,-2.9978918368363097,-0.02879548415514721,68,3,5
8.661055185484626,38.75509555072619,0.9931163739331469,20.828495803258967,34.94422453758981,0.9711423132955295,-12.167440617774341,-3.810871013136378,-0.02197406063761742,69,3,5
8.114645093191475,39.03810830844801,0.9866247464881365,9.474305579966567,38.36532972712301,0.9633351409652825,-1.3596604867750912,-0.672778581324998,-0.023289605522853973,70,3,5
8.033907992946194,39.08153507132274,0.9620192796876909,8.413801546291088,38.88088096634416,0.9513026788510356,-0.3798935533448944,-0.20065410497858238,-0.010716600836655266,0,4,6
7.531578328099613,39.361943637699476,0.9863106005304453,8.385850328279277,38.89533254074208,0.9596533331959228,-0.8542720001796642,-0.46661109695739356,-0.02665726733452245,1,4,6
8.232127478205848,38.97568273815587,0.977682529562601,10.126930422759655,38.076025347055676,0.9519880857903615,-1.8948029445538062,-0.8996573911001917,-0.025694443772239506,2,4,6
10.123167587450006,38.0776393428292,0.9763634554566217,20.736385124710974,34.963473107059784,0.9396696566237311,-10.613217537260969,-3.1141662357694173,-0.03669379883289059,3,4,6
7.971157535972066,39.115589685831225,0.9777622653808192,12.935199384256656,37.01307233511902,0.902054541452789,-4.96404184828459,-2.102517350712205,-0.07570772392803027,4,4,6
8.718417522028496,38.72642697474256,0.9796365732340586,13.420226280308711,36.853205222733166,0.9429342130757012,-4.701808758280215,-1.8732217520093926,-0.03670236015835737,5,4,6
6.74712462699975,39.839616287297474,0.9858337755480351,16.23269674298525,36.02689685569841,0.9392066676210126,-9.485572115985502,-3.8127194315990636,-0.046627107927022515,6,4,6
10.761378460504936,37.81212455759923,0.9929401921024733,27.14719021938664,33.793554748385766,0.9768923014178327,-16.385811758881704,-4.018569809213467,-0.01604789068464063,7,4,6
7.183167655800838,39.567643578427365,0.9841382243653789,9.133246283667667,38.5245519204123,0.9746020027294833,-1.9500786278668292,-1.043091658015065,-0.009536221635895625,8,4,6
8.722756091035496,38.72426632126847,0.9600728799584282,19.806157775199974,35.16280126564648,0.8932054480744004,-11.083401684164478,-3.5614650556219942,-0.06686743188402777,9,4,6
9.774879092261905,38.229689666555785,0.9869253258426586,20.49996655691476,35.013272083077275,0.9600521147645485,-10.725087464652855,-3.21641758347851,-0.026873211078110026,10,4,6
9.346642826873204,38.42424714014487,0.9838256281622074,15.298949935945506,36.28418737414658,0.9552447808964951,-5.9523071090723025,-2.140059765998288,-0.028580847265712306,11,4,6
9.34360316776809,38.42565975631722,0.9904664019621433,19.45080058352081,35.24142879532664,0.9610039991116127,-10.107197415752719,-3.1842309609905826,-0.02946240285053059,12,4,6
9.008421920892701,38.58431642150122,0.9821107651381874,18.79003454646294,35.391527822934925,0.9556331153958438,-9.78161262557024,-3.1927885985662954,-0.026477649742343567,13,4,6
7.873740391826022,39.16899269470862,0.9884379603214798,12.990026881405448,36.994703110701735,0.9779553690864115,-5.1162864895794264,-2.1742895840068854,-0.01048259123506834,14,4,6
8.607339243727347,38.78211440582004,0.9864433000611433,12.510950169314773,37.15790066552589,0.9600347133298565,-3.903610925587426,-1.6242137402941523,-0.026408586731286876,15,4,6
7.480925602073178,39.391250251687694,0.9900417076871104,11.257383720589614,37.616428911105416,0.9696004866720211,-3.7764581185164356,-1.7748213405822781,-0.020441221015089273,16,4,6
9.067058634272279,38.556139366612435,0.9710421949076459,29.722066357916198,33.40001361410435,0.9376006853992358,-20.65500772364392,-5.156125752508082,-0.03344150950841007,17,4,6
9.429130928946382,38.38608694658279,0.9781925972359553,15.415685588129609,36.25117516818647,0.9479389541902717,-5.986554659183227,-2.1349117783963223,-0.030253643045683565,18,4,6
10.098848117618111,38.08808520222988,0.9851023021959237,28.641000929571305,33.560921694878985,0.9367956742834561,-18.542152811953194,-4.527163507350892,-0.04830662791246754,19,4,6
5.903368280136858,40.41980483450179,0.9916200956723316,12.319415761506374,37.22490248621509,0.9709395716313862,-6.416047481369516,-3.1949023482866963,-0.020680524040945336,20,4,6
8.512488429180728,38.83023826272635,0.967161039350985,16.50480811480596,35.95469881287636,0.9320764326712009,-7.992319685625233,-2.875539449849988,-0.03508460667978408,21,4,6
9.958481874336021,38.14887223634055,0.9863722464438958,22.283320541963505,34.651004532890276,0.9533576222769797,-12.324838667627484,-3.497867703450275,-0.03301462416691603,22,4,6
8.25036628722191,38.96607130743683,0.9780086495849631,9.523636815905824,38.34277535648663,0.9639258731344569,-1.2732705286839145,-0.623295950950201,-0.014082776450506262,23,4,6
8.882334288292089,38.64553246969607,0.9833267720455968,12.552942478869829,37.1433482209859,0.9664127802818442,-3.67060819057774,-1.5021842487101722,-0.016913991763752634,24,4,6
7.874525694053868,39.168559564581656,0.9696509687311491,7.934556764388827,39.13557689406096,0.9596470070289572,-0.06003107033495869,-0.03298267052069548,-0.010003961702191866,25,4,6
10.037912375210912,38.114369606285145,0.9830608435025173,18.643021062796837,35.42564070629429,0.9639135874519097,-8.605108687585926,-2.6887288999908563,-0.01914725605060763,26,4,6
9.255600008006812,38.46675783082064,0.9859504500531401,17.415471625617112,35.72145120854614,0.9569032584142526,-8.1598716176103,-2.745306622274498,-0.02904719163888747,27,4,6
7.022759606221097,39.66572558389045,0.959649526469761,12.271985899223534,37.24165513276444,0.9351564970949054,-5.249226293002437,-2.4240704511260063,-0.024493029374855535,28,4,6
3.974295205286839,42.138202380876976,0.9828400220261884,5.1397339980939885,41.021397177771675,0.9622506399205185,-1.1654387928071492,-1.1168052031053008,-0.02058938210566985,29,4,6
7.935951853674541,39.13481336518524,0.9718615912015075,10.610780097800275,37.87333046738878,0.945105049468047,-2.6748282441257336,-1.261482897796455,-0.026756541733460537,30,4,6
8.827146850784278,38.67260009180904,0.9856942531627829,13.728289090816773,36.75463944877808,0.9649228621916798,-4.901142240032495,-1.917960643030959,-0.020771390971103143,31,4,6
6.908729914620047,39.73682145877299,0.9889240837137715,9.820867850503062,38.20930493648065,0.9752686983634716,-2.912137935883014,-1.5275165222923377,-0.013655385350299865,32,4,6
8.654548186359518,38.75835960556289,0.9749860214532392,18.087861209731596,35.556931439100275,0.9496205501881253,-9.433313023372078,-3.2014281664626125,-0.025365471265113904,33,4,6
7.634505525676478,39.302994471014586,0.9787836550829176,9.496089356017997,38.355355682909035,0.9575152803002229,-1.8615838303415186,-0.9476387881055501,-0.02126837478269472,34,4,6
8.558541510436195,38.80680599454484,0.9789115832995119,14.98067404660355,36.37549006240467,0.9531355444000521,-6.422132536167355,-2.4313159321401656,-0.025776038899459786,35,4,6
9.450137214293525,38.37642246435061,0.9623970001148127,11.715330871726971,37.443258021443995,0.9331940824818465,-2.2651936574334464,-0.9331644429066159,-0.02920291763296612,36,4,6
9.291440498648607,38.44997310801419,0.9854377126581334,22.381597686031434,34.63189275929322,0.9437401512380462,-13.090157187382827,-3.8180803487209687,-0.04169756142008718,37,4,6
9.4143221111033,38.39291307254085,0.9788720781655694,18.935295319530372,35.3580827799452,0.935743895436409,-9.520973208427073,-3.0348302925956503,-0.043128182729160414,38,4,6
7.9880079687304715,39.10641871422632,0.9829206851179935,10.113744326881015,38.08168390296739,0.9634388063316641,-2.1257363581505437,-1.0247348112589307,-0.019481878786329343,39,4,6
7.114017119930321,39.609654548842826,0.9067398270101122,10.144527710403388,38.06848528083091,0.8978900402059097,-3.0305105904730665,-1.5411692680119131,-0.008849786804202564,40,4,6
8.779697825857705,38.69600791980132,0.9744309185266703,12.177549461590738,37.27520458645265,0.9330703287775787,-3.3978516357330335,-1.4208033333486654,-0.041360589749091625,41,4,6
8.725803805774278,38.722749169463675,0.9901902155102462,14.852621083497375,36.412772592919744,0.9577294574311411,-6.126817277723097,-2.3099765765439315,-0.03246075807910509,42,4,6
7.132271185828334,39.59852513146736,0.9852778686697442,11.605384654066679,37.48420821386605,0.9610426722576523,-4.473113468238345,-2.1143169176013146,-0.02423519641209193,43,4,6
1.855757898426759,45.44559043206783,0.9922849536533423,13.711340891958818,36.76000432445814,0.9236379450509218,-11.855582993532058,-8.685586107609694,-0.06864700860242057,44,4,6
7.433468033292713,39.418888827296755,0.9804602471699037,6.029789733314586,40.327781928825466,0.9732221569480087,1.403678299978127,0.9088931015287116,-0.007238090221894922,45,4,6
7.300461343699225,39.49730055173211,0.9737134847032319,8.417744901027996,38.87884600510145,0.9301062018350049,-1.1172835573287712,-0.6184545466306588,-0.043607282868227015,46,4,6
10.009902204607236,38.12650526366304,0.982412127025675,28.510601702130984,33.58073977891746,0.9414574954239576,-18.500699497523748,-4.54576548474558,-0.04095463160171742,47,4,6
9.32792226655262,38.43295442594044,0.9843367642673936,16.4893892657949,35.95875790329946,0.9628264693970082,-7.161466999242283,-2.4741965226409803,-0.02151029487038536,48,4,6
9.190996633233345,38.49717753851156,0.9767612624081661,17.900193017864954,35.602226468633404,0.9383141694601026,-8.709196384631609,-2.8949510698781538,-0.03844709294806348,49,4,6
8.950745414635671,38.61221156168468,0.9838730427484101,16.804347210504936,35.87658714540368,0.9520987223536475,-7.853601795869265,-2.7356244162809986,-0.03177432039476269,50,4,6
7.9070846124703165,39.150639747285155,0.9791557765888189,16.120523752890264,36.05701213020738,0.9000971197500972,-8.213439140419947,-3.0936276170777717,-0.07905865683872171,51,4,6
8.633279970863017,38.769045358806096,0.9844656081559151,14.061416273161168,36.65051295614962,0.9684291139533672,-5.428136302298151,-2.118532402656477,-0.016036494202547935,52,4,6
6.981483515732409,39.69132643941196,0.9797996901861618,7.9810380147794024,39.110209814502966,0.9640896720202378,-0.9995544990469938,-0.5811166249089936,-0.01571001816592399,53,4,6
8.485831482978691,38.84385957846828,0.9843478159406139,9.747726358423947,38.24177031850357,0.9656410132471357,-1.2618948754452557,-0.6020892599647141,-0.01870680269347824,54,4,6
10.167644327662167,38.05860015024883,0.9761318209695361,16.07759967504062,36.06859150143136,0.933519058064884,-5.909955347378453,-1.9900086488174722,-0.0426127629046521,55,4,6
8.507484171900387,38.832792111003826,0.9810964598989903,17.172801641982254,35.782392073263324,0.9585677908582294,-8.665317470081867,-3.050400037740502,-0.022528669040760896,56,4,6
8.301955907855268,38.9389993838118,0.9698102566067076,10.050267032050682,38.10902759906882,0.9540316325290173,-1.7483111241954141,-0.8299717847429804,-0.015778624077690262,57,4,6
9.748304411167354,38.24151278391127,0.9867661187290776,20.351405537198474,35.04485952418702,0.9729235398578858,-10.60310112603112,-3.1966532597242505,-0.01384257887119178,58,4,6
9.246555484275403,38.471003808606866,0.9843575432081065,17.068011518091488,35.80897433603422,0.9608443338103632,-7.8214560338160855,-2.662029472572648,-0.023513209397743373,59,4,6
9.968215520911448,38.144629416520615,0.9782094971011815,17.879005236650105,35.60737009285637,0.9383993937179343,-7.910789715738657,-2.5372593236642444,-0.0398101033832472,60,4,6
9.708504332466255,38.25928032112212,0.9574297186147002,13.846738640091864,36.71732865980199,0.9355564241619078,-4.138234307625609,-1.5419516613201267,-0.021873294452792402,61,4,6
5.557887295338083,40.68170625103246,0.9889146434324366,5.1928151315069995,40.97677499238677,0.9826938307565577,0.36507216383108343,0.2950687413543136,-0.006220812675878928,62,4,6
8.127164402301275,39.031413157957616,0.9848208489057759,15.06314567124422,36.351646848196005,0.9561748087340937,-6.935981268942944,-2.679766309761611,-0.028646040171682263,63,4,6
8.362274906066428,38.90755920180994,0.9829717813101624,12.867828899317272,37.03575083317523,0.9660436505165307,-4.505553993250844,-1.87180836863471,-0.016928130793631646,64,4,6
9.379471486962567,38.40901993359039,0.9769404973429578,15.391055366126109,36.25811960401578,0.9567642518158923,-6.011583879163542,-2.150900329574611,-0.02017624552706554,65,4,6
7.7773608377077865,39.222481119590825,0.979391293951827,11.081865743344581,37.68467476484,0.9639658782069853,-3.3045049056367946,-1.5378063547508276,-0.015425415744841686,66,4,6
7.197365588090551,39.55906797758311,0.9843612353319603,15.261053916112049,36.29495834185684,0.9645023414920848,-8.063688328021499,-3.264109635726271,-0.01985889383987549,67,4,6
8.691414915908949,38.739898778425996,0.9786169593261455,16.4835505180993,35.96029597418337,0.9519288189420497,-7.792135602190351,-2.7796028042426286,-0.026688140384095727,68,4,6
9.62142659413667,38.29840890074675,0.9914829888752671,21.26335843761717,34.85448500693163,0.970632674385501,-11.641931843480501,-3.4439238938151178,-0.020850314489766042,69,4,6
8.543160742602486,38.814617830232066,0.9840168475957368,9.596911347995563,38.30948877865137,0.9625497448321023,-1.053750605393077,-0.5051290515806954,-0.021467102763634505,70,4,6
8.010066612767154,39.09444233118641,0.9601144019844244,8.463561683695788,38.85527197112688,0.951548630157102,-0.45349507092863384,-0.23917036005952497,-0.008565771827322433,0,5,8
6.647814775106236,39.90401450463385,0.9835162608101379,8.369234241227659,38.903946376444416,0.9592235029728663,-1.7214194661214224,-1.000068128189433,-0.024292757837271584,1,5,8
8.197949255366517,38.993751351263285,0.9725743174050709,10.071350944413199,38.09992631292193,0.9510595955191873,-1.8734016890466823,-0.8938250383413546,-0.02151472188588366,2,5,8
11.847539687421884,37.39452188674825,0.9713706090393496,21.445363396958193,34.81746951003636,0.9374990776371596,-9.597823709536309,-2.5770523767118902,-0.033871531402190014,3,5,8
7.335312700170292,39.476617285694836,0.971232223920523,12.322998565608986,37.22363962938474,0.901906738377713,-4.987685865438694,-2.252977656310094,-0.06932548554281004,4,5,8
9.133822993805461,38.524277697955725,0.9751618627445877,13.364334707185039,36.871330169440775,0.9423994741640368,-4.2305117133795775,-1.6529475285149502,-0.032762388580550916,5,5,8
6.340880119477253,40.1093081836407,0.9840423040708327,15.851903887990563,36.129989303777165,0.938679365392837,-9.51102376851331,-3.979318879863534,-0.04536293867799568,6,5,8
13.891427145825523,36.703334952801924,0.9908928524201785,29.916509093589863,33.37169445801215,0.9749362186048428,-16.025081947764342,-3.3316404947897738,-0.01595663381533574,7,5,8
6.325732720909886,40.1196952300149,0.982098931762617,8.394281891521372,38.890968115420435,0.9744273226896604,-2.068549170611486,-1.228727114594463,-0.007671609072956609,8,5,8
10.055274706872579,38.1068642098744,0.9561621258163581,20.237271122359704,35.06928410822765,0.892547093693176,-10.181996415487125,-3.0375801016467534,-0.06361503212318209,9,5,8
11.220031944249156,37.63086267477947,0.9829593370810628,21.25071219124953,34.857068713970264,0.9589725348404944,-10.030680247000374,-2.7737939608092077,-0.023986802240568372,10,5,8
10.351069397575303,37.98095140594381,0.9792959145402803,15.645550897934633,36.1868950110568,0.9537377444771229,-5.29448150035933,-1.794056394887015,-0.025558170063157415,11,5,8
10.322705389365392,37.992868281411624,0.9875834178954469,19.890413478588613,35.144365496085854,0.9601461772029548,-9.56770808922322,-2.8485027853257705,-0.027437240692492093,12,5,8
10.079396447514373,38.096458334569874,0.9796739079204205,19.291840595120924,35.27706696097506,0.9551299181129185,-9.21244414760655,-2.8193913735948115,-0.024543989807502054,13,5,8
7.730051687874953,39.24897962980139,0.9874809542827894,12.767625848526746,37.069702135452395,0.9778433072945979,-5.037574160651793,-2.1792774943489945,-0.009637646988191473,14,5,8
9.348793314898138,38.4232480245536,0.982465847412989,12.8013689450928,37.05823946414557,0.958664555013735,-3.452575630194662,-1.3650085604080289,-0.023801292399253993,15,5,8
7.481503410706474,39.39091482606803,0.9876845849404635,11.09042509822991,37.68132167804661,0.9690072373083466,-3.608921687523435,-1.709593148021419,-0.018677347632116925,16,5,8
11.204108153473003,37.637030684431004,0.9717122615937569,31.14694037268779,33.19664969407893,0.9386455620449388,-19.942832219214786,-4.440380990352075,-0.033066699548818135,17,5,8
10.116850994211662,38.08035007322289,0.9734529632441579,15.821734807563118,36.13826259958762,0.9468908426780961,-5.704883813351456,-1.9420874736352687,-0.026562120566061775,18,5,8
11.766631710098737,37.424282004094195,0.9808904488373379,29.3394309598019,33.456286744490775,0.9358920192579888,-17.57279924970316,-3.96799525960342,-0.044998429579349075,19,5,8
6.801858629975941,39.80452759566323,0.9892374333679689,12.73449034202756,37.08098792492837,0.9700468194830915,-5.932631712051618,-2.7235396707348585,-0.019190613884877417,20,5,8
9.62443097933071,38.29705298515099,0.964870119293515,17.196200938749843,35.77647849633432,0.9304941376384925,-7.571769959419134,-2.5205744888166706,-0.034375981655022425,21,5,8
11.328364838184289,37.58913133529036,0.9819801105704539,22.73638243949975,34.56358995131124,0.9528404194529237,-11.40801760131546,-3.0255413839791174,-0.02913969111753012,22,5,8
7.953170526535746,39.125400664650066,0.9745814651234158,9.490264400543682,38.3580204874646,0.9630906061592192,-1.5370938740079358,-0.7673801771854656,-0.01149085896419666,23,5,8
9.372093258850457,38.41243759389141,0.9801177767020833,12.773377815077803,37.067746028003874,0.9655942432940381,-3.4012845562273455,-1.344691565887537,-0.014523533408045242,24,5,8
7.453849518810149,39.40699740066143,0.9664233511761445,7.986542087512499,39.10721576218528,0.9585342995919293,-0.53269256870235,-0.2997816384761549,-0.007889051584215268,25,5,8
11.094478180461817,37.679734804986595,0.9792664142629554,18.913035894927198,35.36319114064692,0.962843101044586,-7.818557714465381,-2.316543664339676,-0.016423313218369318,26,5,8
10.040586357369392,38.11321285077422,0.9838731067469236,17.670500660073742,35.65831506277557,0.9565121989723427,-7.62991430270435,-2.4548977879986467,-0.02736090777458089,27,5,8
7.293895269927196,39.501208377030416,0.9573619258282342,11.953293313921698,37.35592784369111,0.9350229802677877,-4.659398043994502,-2.145280533339303,-0.022338945560446466,28,5,8
4.241785328591739,41.85531675227474,0.9783715475749011,5.237645831380452,40.939442326964965,0.96166278520749,-0.9958605027887133,-0.9158744253097737,-0.016708762367411034,29,5,8
8.067206564999687,39.063571834475724,0.9661652166724387,10.48113028840145,37.92672241240571,0.9443074946575876,-2.413923723401764,-1.1368494220700143,-0.021857722014851144,30,5,8
9.414021367446257,38.39305181157637,0.9832596059423334,14.027312625960818,36.66105884672581,0.9644175837335652,-4.613291258514561,-1.731992964850562,-0.018842022208768183,31,5,8
7.353652814882515,39.46577239025581,0.9866538586379416,10.077625428657356,38.09722148670977,0.9748214073552254,-2.7239726137748415,-1.368550903546037,-0.011832451282716261,32,5,8
9.713108005054055,38.25722142961087,0.972538312945696,18.69367806075022,35.41385601793317,0.9478186073166445,-8.980570055696164,-2.843365411677702,-0.02471970562905157,33,5,8
7.672686055844582,39.281329323796356,0.9731443345667451,9.442479358048994,38.37994316766835,0.9568756481216655,-1.7697933022044117,-0.9013861561280052,-0.016268686445079616,34,5,8
9.222607183867641,38.48226649629219,0.9744157116039275,15.132238353018373,36.33177187473653,0.9521560784018354,-5.909631169150732,-2.1504946215556586,-0.02225963320209212,35,5,8
9.936464851073303,38.15848460248197,0.9553461271755112,11.819485454943132,37.404817903246126,0.9307544001980023,-1.883020603869829,-0.7536666992358434,-0.024591726977508888,36,5,8
10.113788266701038,38.08166503480215,0.9818910441502386,22.64917263759999,34.580280187789995,0.9431238170174764,-12.535384370898951,-3.5013848470121545,-0.03876722713276226,37,5,8
10.454890160214347,37.937608864175566,0.9723717631486987,19.404017613032746,35.25188700704471,0.9341689396755907,-8.949127452818399,-2.685721857130858,-0.038202823473107994,38,5,8
8.24919333813742,38.96668878490577,0.9793302800904663,10.178666509459754,38.05389475354098,0.9627616459929055,-1.9294731713223339,-0.9127940313647898,-0.01656863409756082,39,5,8
6.853473516005812,39.77169622004829,0.9113098021355549,9.740710389716911,38.24489729750725,0.9021333648835341,-2.8872368737110996,-1.5267989225410403,-0.009176437252020775,40,5,8
9.049986183367704,38.56432444700469,0.9678091763312312,12.010644787565617,37.335140378809065,0.9322494105420523,-2.9606586041979135,-1.2291840681956216,-0.035559765789178854,41,5,8
9.256736584684727,38.4662245551019,0.9867188740527362,15.064986505593051,36.351116138760645,0.9571181441246042,-5.808249920908324,-2.1151084163412577,-0.029600729928132008,42,5,8
6.647212799571928,39.90440778648527,0.9836004810483546,11.311857380132171,37.59546439964244,0.9608331690820938,-4.664644580560243,-2.3089433868428344,-0.022767311966260806,43,5,8
2.576447109150419,44.02059129436579,0.988690256732124,13.799175005468067,36.73227238327757,0.9236164927674265,-11.222727896317648,-7.288318911088226,-0.06507376396469744,44,5,8
6.633544708278652,39.91334700357296,0.9782522583678054,5.684394431164854,40.58396155557736,0.9730555204645337,0.9491502771137981,0.6706145520044018,-0.0051967379032716865,45,5,8
6.667311239415386,39.891296317951955,0.9651311489926296,8.11610145411511,39.03732893639307,0.930250513811408,-1.4487902146997245,-0.8539673815588884,-0.03488063518122164,46,5,8
11.82652644493657,37.40223153628953,0.9805601689008175,29.64652038124141,33.41106633417417,0.9408210276757227,-17.81999393630484,-3.9911652021153543,-0.03973914122509481,47,5,8
10.40463667627484,37.95853441360525,0.9810438627132617,17.044702175899886,35.814909437156295,0.9616427710647778,-6.640065499625045,-2.1436249764489546,-0.019401091648483915,48,5,8
10.300064176548243,38.00240430198278,0.9712650245474387,18.282876505671165,35.510358351013544,0.9366899086463211,-7.982812329122922,-2.492045950969235,-0.034575115901117615,49,5,8
9.734698567952444,38.247578526032,0.980011021955478,17.106791338582678,35.799118027953675,0.9515489335888806,-7.372092770630234,-2.448460498078326,-0.02846208836659736,50,5,8
7.9347834206271095,39.13545283653565,0.9735215618260654,15.92312594226503,36.110520307444396,0.8994996964242983,-7.98834252163792,-3.0249325290912523,-0.07402186540176714,51,5,8
8.89703838289745,38.6383489669679,0.9820641033642213,13.849190604104175,36.716559684380535,0.9681067679812995,-4.952152221206724,-1.921789282587362,-0.013957335382921876,52,5,8
6.331878192960255,40.11547809168122,0.9767317843466637,7.484442374390701,39.3892091193318,0.9640844460572283,-1.1525641814304466,-0.7262689723494162,-0.012647338289435428,53,5,8
8.616326889802837,38.77758193820262,0.9813134736919814,9.65774102455943,38.28204805394052,0.9653990467434505,-1.041414134756593,-0.49553388426210176,-0.015914426948530958,54,5,8
11.365852950021873,37.57478327970319,0.9685432201490333,16.41084366407324,35.97949452622048,0.9316256402513039,-5.044990714051368,-1.5952887534827127,-0.03691757989772937,55,5,8
9.045751239102925,38.566357205234986,0.9788655826084639,17.432822606158606,35.717126500038255,0.9580359293270552,-8.38707136705568,-2.8492307051967316,-0.020829653281408733,56,5,8
8.156522060718972,39.01575345719457,0.9675299889961927,9.928143991766655,38.16212293588335,0.9542905359791002,-1.771621931047683,-0.8536305213112172,-0.013239453017092506,57,5,8
10.820416735017497,37.78836373458427,0.9850627019106897,21.21904049103237,34.86354619326692,0.972275576355549,-10.398623756014873,-2.9248175413173527,-0.012787125555140721,58,5,8
10.357689907902138,37.97817456049607,0.9803522651766396,17.408193482650606,35.7232665587484,0.9601265327386431,-7.050503574748468,-2.2549080017476726,-0.020225732437996524,59,5,8
11.371446122945569,37.57264662822291,0.9717370771174836,18.392413960950194,35.4844162776256,0.9365308159895783,-7.0209678380046245,-2.088230350597314,-0.03520626112790526,60,5,8
10.060402972089426,38.104649840197965,0.9541897184180153,13.735275400145294,36.75242989170715,0.9342954417636068,-3.6748724280558687,-1.3522199484908128,-0.01989427665440846,61,5,8
4.988089013287402,41.15146165934179,0.9886758419511579,5.143917923345519,41.017863305245506,0.9827350608997416,-0.1558289100581174,-0.13359835409628573,-0.005940781051416266,62,5,8
8.247335049915636,38.967667226314695,0.9815173033861658,15.008199536581365,36.367517657750746,0.95575137514503,-6.76086448666573,-2.6001495685639497,-0.025765928241135883,63,5,8
8.171631256053931,39.007715999552474,0.9806977472381037,12.60211150364017,37.12637042928796,0.9659241305379361,-4.430480247586239,-1.8813455702645143,-0.014773616700167524,64,5,8
10.32419421693382,37.992241950474856,0.973204468007992,15.702048840574616,36.171240369872294,0.956080240392355,-5.377854623640795,-1.8210015806025623,-0.017124227615637033,65,5,8
7.537368986103299,39.3586058452327,0.9749956906155234,11.152789739173228,37.65696846238308,0.9633516006370454,-3.6154207530699285,-1.7016373828496256,-0.01164408997847799,66,5,8
8.378557538706099,38.89911104397849,0.9810147079687942,15.950526691976004,36.10305332682091,0.9630193020627683,-7.5719691532699045,-2.7960577171575807,-0.017995405906025885,67,5,8
9.262567887021934,38.46348956846682,0.9753444512155962,16.731268332669355,35.895514964745026,0.9516024828706122,-7.468700445647421,-2.567974603721794,-0.023741968344983988,68,5,8
11.187819418080553,37.64334913032925,0.9888833692582203,22.062541986939134,34.69424811634998,0.9697367151739283,-10.874722568858582,-2.9491010139792664,-0.019146654084291947,69,5,8
8.75231050220285,38.70957644314422,0.9803744880333518,9.5981526479112,38.308927082473005,0.9615592726462124,-0.8458421457083496,-0.4006493606712169,-0.018815215387139372,70,5,8
10.156142225385889,38.06351586816306,0.9441606524656225,9.155316278824522,38.514070088685756,0.9478822056631646,1.000825946561367,0.45055422052269734,0.0037215531975420824,0,10,16
9.581094477448131,38.316652381811906,0.9669336345780087,9.537499951177978,38.33645812128107,0.9542530933504526,0.043594526270153366,0.019805739469163086,-0.01268054122755613,1,10,16
11.264499286222035,37.61368469030322,0.9541536656284126,11.244438439335708,37.62142589738994,0.9459977032552548,0.020060846886327255,0.007741207086723989,-0.008155962373157855,2,10,16
21.06626588668604,34.89492799561029,0.943294009792199,25.424241891638545,34.07832349014986,0.9267142454300531,-4.357976004952505,-0.8166045054604254,-0.01657976436214592,3,10,16
12.724807958575491,37.08429124134973,0.9252699335786146,13.25974890345738,36.905450608470744,0.8932713946618335,-0.5349409448818889,-0.17884063287898755,-0.03199853891678117,4,10,16
14.53867949123547,36.50555398341673,0.9492467220956039,14.961729149090738,36.380985723854536,0.9351389616778629,-0.4230496578552678,-0.12456825956219575,-0.014107760417740978,5,10,16
10.071678174017311,38.09978520801605,0.9701249916794636,16.659749928719847,35.91411882728244,0.9360179161618664,-6.588071754702536,-2.1856663807336147,-0.034107075517597285,6,10,16
30.12338997176134,33.34176516739441,0.9789853410136796,43.52617214352112,31.743298855332498,0.9662758910721866,-13.402782171759782,-1.598466312061916,-0.012709449941493034,7,10,16
8.196107078412073,38.99472737241764,0.9720713349013321,8.631977033144295,38.76970084706491,0.9721854450645573,-0.43586995473222245,-0.2250265253527317,0.00011411016322515621,8,10,16
17.854991026512312,35.61320724604983,0.9221987958965876,22.41272270165448,34.62585742954932,0.8854500742227299,-4.557731675142168,-0.9873498165005117,-0.036748721673857676,9,10,16
20.572786922142544,34.99787232861871,0.9641806856624524,25.8119156003937,34.01260124483312,0.9529764499541838,-5.239128678251156,-0.9852710837855909,-0.011204235708268562,10,10,16
16.328387296314524,36.00137067919239,0.9595995110979239,17.97488656203131,35.584142025995995,0.9469328623996418,-1.646499265716784,-0.41722865319639624,-0.012666648698282046,11,10,16
17.52911891872891,35.69320273544833,0.9721218462683208,23.012617563429572,34.51114340691274,0.9552541504057875,-5.4834986447006635,-1.182059328535594,-0.016867695862533227,12,10,16
17.792979246734784,35.628316886643326,0.962428207754093,23.059094175728035,34.502381178489344,0.9490776964301073,-5.26611492899325,-1.1259357081539818,-0.013350511323985681,13,10,16
11.507365412331271,37.52104456686966,0.9798931880486282,14.361683305211848,36.558750151593514,0.9753612348522376,-2.8543178928805766,-0.9622944152761477,-0.004531953196390659,14,10,16
14.222939051563866,36.60091011873108,0.9636966870366092,14.8063799154012,36.426314721606765,0.9518671181279318,-0.5834408638373336,-0.17459539712431393,-0.011829568908677368,15,10,16
11.114886029871267,37.671753469909554,0.9747934161086299,12.324389871187977,37.22314932483358,0.9650554294468626,-1.2095038413167103,-0.4486041450759757,-0.009737986661767284,16,10,16
23.282494107181915,34.46050859161222,0.955963469711862,38.230585312578114,32.306694137231446,0.937006645701609,-14.9480912053962,-2.153814454380772,-0.018956824010253004,17,10,16
16.97584249722691,35.83249023699344,0.9539253998943437,18.9313592880968,35.3589856306227,0.9408299737941235,-1.9555167908698898,-0.47350460637074576,-0.013095426100220187,18,10,16
22.14042751492001,34.67894358346068,0.9593323642260985,33.54572084739407,32.87443232216555,0.9308421606888354,-11.405293332474063,-1.8045112612951257,-0.02849020353726306,19,10,16
12.269570307617798,37.2425100729316,0.975261221271175,15.201986958661417,36.3118000523984,0.965047249637781,-2.932416651043619,-0.9307100205332048,-0.010213971633393992,20,10,16
16.751635171580116,35.89023154788571,0.9442660540225809,20.876769065976127,34.934170736924614,0.9220730864729719,-4.125133894396011,-0.9560608109610982,-0.022192967549608977,21,10,16
20.53356745934102,35.0061595152119,0.9609744805235182,25.72105488767029,34.02791584698949,0.9491337173897985,-5.187487428329273,-0.9782436682224116,-0.011840763133719734,22,10,16
11.143982002249718,37.66039958845573,0.961329548767139,10.836357735556494,37.78197027111645,0.958810574549006,0.3076242666932245,0.12157068266071747,-0.0025189742181330743,23,10,16
14.890184259194163,36.40180288887652,0.9632342484701811,15.122854272122234,36.33446593667983,0.9605420648382478,-0.23267001292807166,-0.06733695219669045,-0.0026921836319333536,24,10,16
10.042772973690788,38.11226715698812,0.9511002609008159,9.252302080404013,38.46830557163743,0.9526132274159016,0.7904708932867752,0.3560384146493121,0.0015129665150857008,25,10,16
19.070514134951882,35.32717959223967,0.963242328329407,22.079337250812397,34.69094327709067,0.9577013297082969,-3.0088231158605154,-0.6362363151490058,-0.005540998621110127,26,10,16
17.903163349698474,35.60150586651196,0.9636796167105396,21.020216222972127,34.90443181813143,0.9484775393399073,-3.1170528732736535,-0.6970740483805287,-0.015202077370632283,27,10,16
12.061846029011999,37.31666580521507,0.9336781036859977,13.402151391232346,36.85905841432656,0.9275215190671054,-1.340305362220347,-0.457607390888505,-0.006156584618892236,28,10,16
6.5974920859501935,39.93701482935311,0.95905867726829,6.092556667721222,40.28280783558678,0.9563022006618188,0.5049354182289711,0.34579300623367004,-0.0027564766064711588,29,10,16
11.342478796595739,37.58372384790563,0.9426726855097854,11.450573561117361,37.54253119764964,0.9379365548444799,-0.10809476452162237,-0.04119265025599361,-0.004736130665305538,30,10,16
15.387650274184477,36.25908053633304,0.9693161388357269,16.47474387967129,35.96261689195798,0.960163398776797,-1.0870936054868139,-0.29646364437505923,-0.009152740058929854,31,10,16
11.480164954966567,37.53132232517013,0.9747019507598061,11.889453759686289,37.37918458696947,0.9715903214627959,-0.40928880471972207,-0.15213773820065768,-0.0031116292970102544,32,10,16
17.075757009865953,35.80700394756218,0.9544967763646168,22.554245050423386,34.59852066163178,0.9370361589831777,-5.478488040557433,-1.2084832859303987,-0.017460617381439114,33,10,16
10.964651757397514,37.73085518036523,0.9528294779977914,10.451117926665416,37.93917612677847,0.9520958210099885,0.5135338307320971,0.20832094641323806,-0.000733656987802922,34,10,16
14.723050243719536,36.45082566709923,0.9525379208175634,17.46020163006968,35.7103110624515,0.9448760227020551,-2.7371513863501438,-0.7405146046477284,-0.0076618981155083254,35,10,16
13.403103664776278,36.85874984263441,0.9310908950683272,13.078631772590926,36.9651804843124,0.9224954819460964,0.3244718921853522,0.10643064167798855,-0.008595413122230777,36,10,16
17.78438437382827,35.63041524670642,0.9614701037341157,25.50257560578365,34.06496317104817,0.9383178655130942,-7.71819123195538,-1.56545207565825,-0.023152238221021526,37,10,16
18.54110277230971,35.44944799684784,0.9428408339576516,22.679308519052306,34.57450551870056,0.9272399262281951,-4.138205746742596,-0.8749424781472754,-0.015600907729456548,38,10,16
11.59154788268654,37.48938927318148,0.963797276792325,11.329079226424822,37.58885746956216,0.9584896306152563,0.2624686562617171,0.09946819638067694,-0.005307646177068692,39,10,16
10.974147030449318,37.72709586337807,0.8561985985971919,11.464088107150669,37.53740845699286,0.8803008600257135,-0.489941076701351,-0.18968740638521098,0.024102261428521565,40,10,16
13.698753109962817,36.76399322332451,0.9349012901048533,13.3029505345035,36.891323846573236,0.9245221077548775,0.3958025754593173,0.12733062324872435,-0.010379182349975813,41,10,16
15.330157460786152,36.27533745217753,0.9674176050303124,16.899996143060243,35.85193755369494,0.9524832787237948,-1.5698386822740904,-0.4233998984825931,-0.014934326306517587,42,10,16
10.567033735040932,37.89127266965982,0.9712629003308141,12.77498283905918,37.06720035458961,0.9572950876428052,-2.2079491040182493,-0.824072315070211,-0.01396781268800884,43,10,16
8.302955904925946,38.93847629375852,0.9620198025246326,14.939018120781776,36.387583068115305,0.9206054020884665,-6.63606221585583,-2.5508932256432146,-0.041414400436166066,44,10,16
7.885695074248531,39.162403811983694,0.9676894910354372,6.015266768411761,40.33825468430599,0.9708112410369728,1.8704283058367697,1.1758508723222931,0.0031217500015355837,45,10,16
10.20960551317804,38.04071399070891,0.930674874781141,8.882102749851581,38.645645680001415,0.9237260146210784,1.327502763326459,0.6049316892925063,-0.0069488601600625755,46,10,16
23.361568329349456,34.44578366009779,0.9640943610964557,35.92467054899387,32.576875667870496,0.9360626234960262,-12.563102219644417,-1.8689079922272924,-0.02803173760042954,47,10,16
17.14908036397794,35.78839525326349,0.9648292153548269,20.14291048091645,35.089581382214035,0.9558477911483635,-2.9938301169385078,-0.6988138710494525,-0.008981424206463418,48,10,16
17.609491318468002,35.67333550089342,0.9428093557122702,21.496999764677852,34.80702509164695,0.9265694072184116,-3.88750844620985,-0.8663104092464735,-0.01623994849385857,49,10,16
16.016019237829646,36.08525779074435,0.962044290545011,19.35442200584302,35.26300154648281,0.9478788938308377,-3.338402768013374,-0.8222562442615384,-0.014165396714173273,50,10,16
13.875982665252781,36.70816612245436,0.9364821414990366,17.369881743297714,35.73283499151271,0.8926967027011146,-3.493899078044933,-0.9753311309416475,-0.04378543879792207,51,10,16
14.418335403387077,36.54165236882061,0.9697682018792726,16.167033930329023,36.04450011081993,0.9640991454623165,-1.7486985269419453,-0.49715225800067486,-0.005669056416956142,52,10,16
8.87542255460255,38.64891322096989,0.9654635780110542,8.446080836575115,38.864251271711,0.9622269209417915,0.4293417180274339,0.21533805074111,-0.003236657069262683,53,10,16
12.741306384553493,37.07866401744879,0.9648349327071576,10.953735763498313,37.7351810061609,0.9610486844838945,1.7875706210551794,0.656516988712113,-0.0037862482232631223,54,10,16
17.98402763131171,35.58193399712652,0.9376073126693322,18.886467682750595,35.3692962101586,0.92262830344335,-0.9024400514388837,-0.21263778696791746,-0.014979009225982165,55,10,16
15.362792785667416,36.26610188066122,0.9642717094168024,20.868610417838394,34.93586829289604,0.9527607472012204,-5.505817632170977,-1.3302335877651785,-0.01151096221558201,56,10,16
11.002272543080553,37.715979619838556,0.9511705395705524,10.954052740477753,37.73505533272467,0.9496590086077243,0.04821980260279979,0.01907571288611365,-0.0015115309628280782,57,10,16
19.847565807203786,35.15373110288867,0.9759188483234125,26.67580041264373,33.869629014844584,0.9687983053957435,-6.828234605439945,-1.2841020880440865,-0.007120542927668949,58,10,16
16.91578469683477,35.84788212033841,0.9631752320888783,19.947133439374767,35.13199867908328,0.9549065579669582,-3.031348742539997,-0.71588344125513,-0.008268674121920117,59,10,16
18.946715034644107,35.35546437645359,0.9430115348098913,21.329075442718096,34.84108330492472,0.9271189356571812,-2.382360408073989,-0.5143810715288666,-0.01589259915271013,60,10,16
14.669528979775965,36.46664191453274,0.9313179868969069,15.484358888732658,36.23187132243859,0.9265325022679444,-0.8148299089566926,-0.23477059209414364,-0.004785484628962555,61,10,16
6.864062890576178,39.764991068744244,0.9838226857943969,6.8113750185523685,39.7984556867747,0.9810814313068462,0.05268787202380931,0.033464618030457416,-0.002741254487550693,62,10,16
13.31280586996938,36.88810761785465,0.9610992757697928,16.862286501296712,35.86163896891921,0.9507838973352943,-3.5494806313273326,-1.0264686489354418,-0.010315378434498479,63,10,16
11.886291679360392,37.38033977602421,0.9686632605550572,13.723562264677852,36.75613503791176,0.9634717024901548,-1.8372705853174605,-0.6242047381124465,-0.005191558064902457,64,10,16
15.937490479705662,36.10660422516548,0.9558486710759883,18.514566172392513,35.455668206176576,0.9510084515946823,-2.5770756926868508,-0.650936018988908,-0.004840219481305974,65,10,16
10.690858711020498,37.840677708621286,0.9602429346961899,12.56407902625453,37.139497014828684,0.9594780702826972,-1.8732203152340325,-0.7011806937926011,-0.0007648644134927718,66,10,16
15.274076946436383,36.291253867442826,0.9654022265475728,19.79661844027309,35.1648934829079,0.9559603222882389,-4.522541493836707,-1.1263603845349266,-0.009441904259333889,67,10,16
14.973634887435946,36.37753121651491,0.9567867833995877,18.679300463418635,35.41719752922756,0.9476137309279555,-3.705665575982689,-0.9603336872873527,-0.009173052471632137,68,10,16
20.33077249621141,35.04926480288499,0.9755896805431922,26.658370096316087,33.87246767921161,0.9649747408401531,-6.327597600104678,-1.1767971236733814,-0.010614939703039061,69,10,16
11.71803915135608,37.44225416164709,0.9652756188805771,10.634648940366828,37.86357202856521,0.9568911385433907,1.0833902109892524,0.4213178669181161,-0.008384480337186417,70,10,16
16.317554788073366,36.00425281303605,0.9128257375076155,11.094693607634984,37.67965047661827,0.9397382515823066,5.222861180438382,1.675397663582224,0.026912514074691085,0,20,32
19.16485244031996,35.30574881112734,0.931140407701729,13.754820930586801,36.74625420040009,0.937423415278298,5.410031509733161,1.4405053892727508,0.006283007576568966,1,20,32
19.121029549040745,35.31569088229633,0.9239100109876249,14.602216470988001,36.486615785040854,0.9358321924036387,4.5188130780527445,1.1709249027445239,0.011922181416013755,2,20,32
41.283584547048804,31.973029619431056,0.8954607381998572,35.66704735638514,32.608132024660534,0.9034045464756071,5.616537190663664,0.6351024052294783,0.00794380827574992,3,20,32
22.463391294838146,34.616050386195255,0.8523686551950992,17.9692496933977,35.585504173604974,0.8557835364713483,4.494141601440447,0.9694537874097193,0.0034148812762491154,4,20,32
27.146202305766465,33.793712795401774,0.9027956458438787,20.92136419959224,34.92490361120161,0.9123865102368235,6.224838106174225,1.1311908157998332,0.009590864392944765,5,20,32
24.481715298283028,34.24238517717857,0.9313230934318047,22.11644711403262,34.683649996593445,0.9213106332413714,2.3652681842504073,0.44126481941487583,-0.010012460190433337,6,20,32
70.93416948369735,29.62224872603441,0.9522435684878486,75.23008793822648,29.366887913913494,0.9480482745035802,-4.295918454529129,-0.2553608121209159,-0.004195293984268433,7,20,32
14.265718738282715,36.58786703612514,0.9497238890817042,10.827428553852643,37.785550342032664,0.9646968167443131,3.4382901844300715,1.1976833059075247,0.014972927662608826,8,20,32
35.62139827736377,32.613693976715005,0.8487624459390761,30.09325750785058,33.346111594650864,0.8559664470203564,5.528140769513186,0.7324176179358588,0.007204001081280276,9,20,32
44.29839287667166,31.666923903435766,0.9270462456413441,38.26689180942226,32.302571723522185,0.9366072689334793,6.031501067249401,0.6356478200864188,0.009561023292135262,10,20,32
31.724917197850267,33.11679863609872,0.9201047086925933,25.45522556750719,34.073034110447544,0.9279174128399611,6.269691630343079,0.9562354743488228,0.007812704147367788,11,20,32
37.961611365962064,32.33735722115475,0.9368060332166355,32.889017168752346,32.960294653288585,0.9392710570669373,5.0725941972097175,0.6229374321338383,0.002465023850301784,12,20,32
38.598784160768965,32.26506736004062,0.9260276387622454,34.42323664620047,32.76228658400507,0.9324208523638369,4.175547514568493,0.49721922396444995,0.0063932136015915075,13,20,32
23.44116226194382,34.4310121975757,0.9622050600295692,20.42582506776497,35.02900752694522,0.9679652339046357,3.0153371941788514,0.5979953293695246,0.005760173875066554,14,20,32
27.655575767872765,33.712976562906405,0.9247077470168162,21.422092990329332,34.82218460677173,0.9325475108122427,6.233482777543433,1.1092080438653227,0.007839763795426502,15,20,32
21.00707101553712,34.90714857270389,0.9473826029121605,16.659754200646795,35.914117713655834,0.9518860904625862,4.347316814890327,1.006969140951945,0.004503487550425733,16,20,32
55.703818882991186,30.671953907757384,0.9088889259110778,57.11651631924916,30.56318650010594,0.916628591057905,-1.4126974362579716,-0.10876740765144532,0.007739665146827113,17,20,32
33.86919518360986,32.83275484018673,0.9160108153426639,27.61386503933102,33.719531629292575,0.9234815122370034,6.25533014427884,0.8867767891058449,0.007470696894339435,18,20,32
49.46194518653918,31.18809169037362,0.9147303751846027,46.15886210024528,31.488252667357386,0.912177765942825,3.3030830862939027,0.300160976983765,-0.0025526092417776924,19,20,32
26.137494409878453,33.95816407926321,0.9473306670280338,22.576871372523748,34.59416602189047,0.951792699748765,3.5606230373547056,0.6360019426272601,0.004462032720731202,20,20,32
34.66376883553618,32.732045810389664,0.8961435817948717,30.445612633381764,33.295556434193884,0.900056718394667,4.218156202154418,0.5635106238042198,0.003913136599795308,21,20,32
45.058033029074494,31.59308131830396,0.9200904819840433,36.05072730166542,32.56166330095021,0.9334982422054572,9.007305727409076,0.9685819826462492,0.013407760221413878,22,20,32
20.233401366821337,35.07011464223085,0.9368156417647061,14.668269493657043,36.46701480404748,0.949494425115874,5.565131873164294,1.3969001618166317,0.0126787833511679,23,20,32
29.006988140154355,33.50577723482582,0.9310518860695862,21.673266549689103,34.771559886532195,0.9489300334022488,7.333721590465252,1.265782651706374,0.017878147332662575,24,20,32
17.338946279176042,35.74057659829472,0.9263121652944273,12.398505362610925,37.197110266648814,0.9440635295382349,4.940440916565118,1.4565336683540906,0.017751364243807632,25,20,32
41.233990038354584,31.978249991978416,0.9302619808472755,32.607891664909076,32.99757641420943,0.943938848268957,8.626098373445508,1.0193264222310177,0.013676867421681504,26,20,32
37.37958939214629,32.40445834443196,0.9230697830443341,30.52154869801431,33.28473794431154,0.9290025899516022,6.858040694131983,0.8802795998795787,0.005932806907268162,27,20,32
23.154148578107424,34.48451545074952,0.8924515872799107,18.18370628476128,35.53397953105771,0.9088722369708023,4.970442293346146,1.0494640803081907,0.01642064969089163,28,20,32
10.864745300392139,37.770608111529945,0.9381439187674191,8.194953536081428,38.99533865326328,0.9474782567400064,2.6697917643107107,1.2247305417333365,0.009334337972587314,29,20,32
19.660482259053556,35.19486194275301,0.9077628850489496,14.51146695042026,36.51369043794039,0.9273307185884848,5.149015308633295,1.3188284951873825,0.019567833539535173,30,20,32
30.628681302532495,33.269520619184036,0.9403962057369472,24.186398819288215,34.29509151015243,0.9469136632954815,6.442282483244281,1.025570890968396,0.00651745755853439,31,20,32
22.0551621721113,34.69570105364497,0.951561546017205,17.80915703408168,35.62436997502975,0.9628131324912189,4.24600513802962,0.9286689213847836,0.01125158647401392,32,20,32
36.01531693303962,32.565931199680406,0.9127999562943382,32.64002570967691,32.99329868703782,0.9133418445030324,3.3752912233627086,0.42736748735741514,0.0005418882086941634,33,20,32
18.059143974190725,35.563832004992996,0.9282125033417011,12.886129712301587,37.02957862209803,0.9450434599670409,5.173014261889138,1.465746617105033,0.016830956625339732,34,20,32
29.039669479791588,33.5008869181229,0.9083675780474909,23.77718300349175,34.369199604804265,0.928928615655871,5.262486476299838,0.8683126866813637,0.02056103760838013,35,20,32
22.09165199564898,34.6885216759636,0.8954166747977769,16.923777350096863,35.84583057766937,0.9066067382089179,5.167874645552118,1.1573089017057683,0.011190063411141038,36,20,32
39.26990852217691,32.19020471269508,0.916670714845338,35.47925686535277,32.6310584617543,0.9183625295465024,3.7906516568241457,0.44085374905922237,0.001691814701164418,37,20,32
38.638990194585055,32.26054592986,0.8942017491483435,31.28533786792276,33.17739511339183,0.9095748029855626,7.353652326662296,0.9168491835318306,0.015373053837219097,38,20,32
21.057379424251657,34.89676038292039,0.9320663688188752,15.095829451982565,36.34223380208205,0.9477089059016559,5.961549972269092,1.445473419161658,0.01564253708278074,39,20,32
16.677370650934257,35.909527799020566,0.8165233012943803,14.589258496008311,36.49047141577298,0.8602724948554875,2.0881121549259465,0.580943616752414,0.04374919356110718,40,20,32
23.146175087489063,34.48601126880743,0.8889289723113349,17.274395388076492,35.75677505065797,0.9066771985102114,5.871779699412571,1.2707637818505404,0.017748226198876504,41,20,32
31.981226467785277,33.08185246111296,0.9323505390232031,25.1030800105065,34.1335335056202,0.936068943900575,6.878146457278778,1.0516810445072409,0.0037184048773719613,42,20,32
21.852606558945755,34.73577114222733,0.9396177853128247,18.34547475999094,35.49551405583992,0.9418647227376568,3.5071317989548163,0.759742913612591,0.002246937424832063,43,20,32
24.517604000671792,34.2360233466796,0.8923190723969897,22.77007244211661,34.55715948559247,0.8820368446645306,1.7475315585551812,0.32113613891286974,-0.010282227732459126,44,20,32
11.947116107556868,37.3581727648138,0.9454591015093143,7.2428501368969505,39.531708616387576,0.9654321668717242,4.704265970659917,2.1735358515737744,0.019973065362409836,45,20,32
14.15753267657949,36.62092788186028,0.9086383073126209,10.67653555024372,37.84650010375699,0.9172443585206823,3.4809971263357706,1.2255722218967051,0.00860605120806146,46,20,32
55.15571442241595,30.7148984656573,0.9212965920451804,53.7588347110908,30.82630514587543,0.9177414496187085,1.3968797113251483,0.11140668021813127,-0.0035551424264719245,47,20,32
35.12121604916573,32.675108162107435,0.9309778234058785,29.182219043908574,33.47962047886124,0.9410998502911113,5.938997005257157,0.804512316753808,0.010122026885232782,48,20,32
34.973550791502625,32.69340633309287,0.8917421163527982,30.925324031761654,33.22766102058465,0.9006399492774403,4.04822675974097,0.5342546874917815,0.00889783292464208,49,20,32
33.87201026141263,32.83239388624488,0.9231287911083083,27.574739680977377,33.72568939688546,0.9324799739388898,6.2972705804352564,0.8932955106405771,0.009351182830581561,50,20,32
27.88624639693476,33.67690300485234,0.8649174156810152,23.925523835887702,34.34218905681518,0.8578119701224444,3.9607225610470564,0.6652860519628376,-0.007105445558570844,51,20,32
29.10021940616798,33.4918409743084,0.944385951265155,23.46021749722691,34.4274832677094,0.95314875305582,5.64000190894107,0.9356422934009956,0.00876280179066502,52,20,32
13.234467151566992,36.91373900518997,0.9487209100125155,10.249534970238095,38.023761993240385,0.9562097139273535,2.9849321813288974,1.1100229880504173,0.0074888039148380825,53,20,32
22.425425337457817,34.62339671918377,0.934069893180775,15.157889687617173,36.32441618728755,0.9493730472414371,7.267535649840644,1.7010194681037731,0.015303154060662072,54,20,32
32.159010153027744,33.057776880705326,0.8959844294647179,26.115297233353644,33.9618538770923,0.903575499573094,6.0437129196741,0.9040769963869764,0.007591070108376119,55,20,32
32.46397752527028,33.01678631839509,0.933598387804722,30.755381041237033,33.25159248819426,0.9409114716610313,1.7085964840332473,0.23480616979917102,0.007313083856309244,56,20,32
19.47394673810305,35.23626383005964,0.9178753198562072,14.403365839035745,36.5461636915383,0.9382807158575123,5.070580899067304,1.3098998614786552,0.020405396001305087,57,20,32
43.38481749839864,31.75742585969681,0.9557521246704304,40.82685928907324,32.02134388877506,0.9600463353714116,2.557958209325399,0.2639180290782477,0.004294210700981238,58,20,32
33.30350185718973,32.90590458974406,0.9330136841324718,27.741368998797025,33.69952471760315,0.9430694705472877,5.5621328583927045,0.7936201278590858,0.01005578641481597,59,20,32
35.35397150063273,32.646421533735214,0.8956000276211689,29.197224736556368,33.477387881482585,0.9064424826194402,6.156746764076363,0.8309663477473705,0.0108424549982713,60,20,32
24.84226178270685,34.178892268902885,0.8985107498809667,20.13512190370735,35.09126097575209,0.9142332527060898,4.707139878999499,0.9123687068492075,0.015722502825123108,61,20,32
11.587743060437758,37.490815040109524,0.9746708855539685,9.746218368211785,38.24244223159083,0.9783952156998801,1.8415246922259723,0.7516271914813046,0.0037243301459115585,62,20,32
27.755547280222785,33.69730565754254,0.9266809287306975,23.822317620453692,34.36096350118672,0.9373697500711091,3.9332296597690934,0.6636578436441738,0.010688821340411603,63,20,32
23.94277521950381,34.33905872581037,0.9426046942353524,19.065349253218347,35.32835595456688,0.9543003800572841,4.877425966285465,0.9892972287565129,0.0116956858219317,64,20,32
29.81884515412136,33.385895410971614,0.9236392706876186,25.70253559613642,34.03104391579758,0.9404385137001324,4.116309557984938,0.6451485048259684,0.016799243012513787,65,20,32
20.053275689171667,35.10895036403787,0.9367060782401017,16.419694242321274,35.97715295180044,0.9523144813253069,3.6335814468503926,0.8682025877625748,0.01560840308520528,66,20,32
33.558442401731035,32.872785658039675,0.9347319367630528,30.571638262014122,33.27761648700905,0.9395494986166776,2.986804139716913,0.4048308289693736,0.004817561853624808,67,20,32
30.77034706599175,33.24947966083077,0.9179057308535095,25.044310623281465,34.143712791895666,0.9343998530442811,5.726036442710285,0.8942331310648939,0.01649412219077162,68,20,32
45.561172040994876,31.544854732837283,0.9454106551642648,40.227487677321584,32.085574503932456,0.9512714086998383,5.333684363673292,0.5407197710951728,0.005860753535573471,69,20,32
20.94685588617829,34.919615160838035,0.9325321935427059,14.478113331536683,36.52368388998995,0.9434520443733364,6.468742554641608,1.604068729151912,0.010919850830630518,70,20,32
22.890800271059867,34.53419384828144,0.8823718350666278,13.631059911456381,36.78550734248202,0.9302992306939294,9.259740359603486,2.2513134942005806,0.04792739562730164,0,30,48
30.25870301368579,33.32230052054208,0.8986194513485027,19.467273011771965,35.23775241339951,0.9173638480132328,10.791430001913824,1.9154518928574333,0.018744396664730045,1,30,48
28.999036375335894,33.50696794135416,0.8957068584535316,19.297203938374892,35.27585974248966,0.924511411730203,9.701832436961002,1.7688918011354957,0.02880455327667142,2,30,48
61.38050285218254,30.250499188536715,0.8507494462104456,47.46023629370548,31.367504647279105,0.8793004774482595,13.92026655847706,1.1170054587423905,0.028551031237813884,3,30,48
31.95719529199475,33.08511704201554,0.8158282779892202,23.33467264345863,34.450786482174124,0.8334597368528481,8.622522648536119,1.3656694401585838,0.017631458863627936,4,30,48
39.703291605150916,32.142538473870495,0.8665154299381815,27.36495999523497,33.75885543282915,0.8937147488217393,12.338331609915947,1.616316958958656,0.027199318883557755,5,30,48
41.83746208969973,31.91515029030411,0.8878408799514989,32.75078554633796,32.9785863961344,0.8911421060467241,9.086676543361769,1.063436105830295,0.003301226095225207,6,30,48
118.07747371422322,27.409133080870248,0.9260974746271655,112.55317365114517,27.617226155984728,0.9277182800494187,5.524300063078044,0.20809307511447983,0.0016208054222531798,7,30,48
23.07726927200506,34.498959433106904,0.9295257379931662,15.170616246211411,36.320771382292826,0.9559569367824124,7.90665302579365,1.8218119491859213,0.02643119878924627,8,30,48
50.3054195862236,31.114655851638634,0.7978407964669935,38.31794780535245,32.296781193517305,0.8319805209073392,11.987471780871147,1.1821253418786704,0.03413972444034574,9,30,48
71.4084995967301,29.59330452897559,0.8915234189163536,54.605319842832145,30.75845405601995,0.9160311449992133,16.80317975389795,1.1651495270443597,0.024507726082859782,10,30,48
50.41092910261217,31.105556590572313,0.8815470225394986,35.676008394458506,32.607041034271376,0.9042485243160671,14.734920708153666,1.5014844436990629,0.02270150177656849,11,30,48
63.24340133752812,30.120651418848396,0.9013904573337076,47.643247352869956,31.350790056355077,0.9172323709641056,15.600153984658164,1.2301386375066805,0.015841913630397997,12,30,48
62.87804307664667,30.14581343966313,0.8965682880713661,49.52576338113986,31.18249182469309,0.915049590228452,13.352279695506809,1.036678385029962,0.018481302157085877,13,30,48
38.92257974589114,32.22878743755769,0.9455510651978462,30.386958466129233,33.30393128622194,0.9589445362430041,8.535621279761909,1.075143848664247,0.013393471045157979,14,30,48
43.6733784741751,31.728635716042675,0.8858893538508804,30.425925397020684,33.298365648053206,0.908859622606272,13.247453077154418,1.5697299320105316,0.022970268755391543,15,30,48
34.87378359931571,32.705812925523645,0.9202029092768629,24.679656498015873,34.20741250160451,0.9345273524038537,10.194127101299834,1.5015995760808636,0.014324443126990771,16,30,48
93.66141353912792,28.41519652995085,0.8673635044524503,81.77994816077678,29.004335299430114,0.8903293357259857,11.881465378351137,0.5891387694792627,0.022965831273535464,17,30,48
52.494141967605614,30.929695194256148,0.8837006198605936,38.65571881639795,32.258666073308476,0.9022446444893816,13.838423151207664,1.3289708790523278,0.018544024628788014,18,30,48
81.7387960782246,29.00652124121088,0.8713379450716564,64.64533412815585,30.02543176361803,0.8855465828023008,17.093461950068743,1.0189105224071504,0.014208637730644402,19,30,48
41.69305802106768,31.93016610789124,0.9241743378097906,32.13949062031308,33.06041371531445,0.9384748881741355,9.553567400754595,1.1302476074232146,0.014300550364344855,20,30,48
54.08451494832677,30.80007421734292,0.8483850430346811,42.09871898336927,31.88811479923412,0.8714677931218554,11.985795964957504,1.0880405818911996,0.02308275008717431,21,30,48
73.417525446038,29.472806184449972,0.8824356140257666,51.893339748547056,30.97968738974478,0.9111504406058382,21.524185697490942,1.5068812052948068,0.028714826580071517,22,30,48
29.62124216894763,33.414770941301185,0.9143878812573667,20.090534337504685,35.10088873261336,0.9392342038214694,9.530707831442946,1.6861177913121779,0.024846322564102685,23,30,48
45.622421098729845,31.53902032099174,0.9014262132688869,31.019329370938006,33.214479566117745,0.934845262045569,14.603091727791838,1.6754592451260066,0.033419048776682,24,30,48
26.90796914545838,33.83199439849002,0.9057613468595352,17.270630111665728,35.75772177960135,0.9352795768433918,9.637339033792653,1.9257273811113294,0.02951822998385656,25,30,48
66.90180670775528,29.876425146604216,0.9005331917617866,47.147026177391886,31.396260562755703,0.9274431619369056,19.754780530363398,1.519835416151487,0.02690997017511898,26,30,48
60.95435360618985,30.280756307392586,0.8789219910290961,43.69422315862861,31.72656338455188,0.9009656735804669,17.260130447561238,1.4458070771592944,0.02204368255137079,27,30,48
34.16065106119547,32.79554221638118,0.8605673891311284,24.241016625851454,34.28529531440529,0.8896084362032362,9.919634435344019,1.48975309802411,0.02904104707210775,28,30,48
14.765842257999001,36.438221362807546,0.9243997054201766,10.226810149707848,38.03340167078306,0.9418610606514375,4.539032108291153,1.595180307975511,0.01746135523126091,29,30,48
29.75229268216473,33.39559923211809,0.8764717217997501,19.10740991360455,35.318785401899476,0.9146759142651134,10.64488276856018,1.9231861697813883,0.03820419246536333,30,30,48
49.15607375249969,31.21503173710448,0.9129028470132879,35.266425681164854,32.65718915535794,0.9303454259511179,13.889648071334832,1.442157418253462,0.017442578937829967,31,30,48
36.86879057110049,32.464214694487275,0.9312533214734872,25.9694267952834,33.98617997006522,0.9526987372319238,10.89936377581709,1.5219652755779478,0.021445415758436615,32,30,48
57.97927200017966,30.498076029067054,0.8760072304999511,45.72358203759686,31.529401146865595,0.8890295977721893,12.2556899625828,1.0313251177985414,0.013022367272238156,33,30,48
24.270908885412762,34.27994320978966,0.9082912425181785,16.17461306106268,36.04246460859805,0.9371929533809995,8.096295824350083,1.7625213988083956,0.028901710862821006,34,30,48
46.303003018177414,31.474712024216565,0.8677194090324147,32.388626714629424,33.02687826655273,0.9117248351791284,13.91437630354799,1.5521662423361633,0.044005426146713655,35,30,48
32.03289542420479,33.074841649476866,0.8658624840493734,21.99022522087083,34.708506834998204,0.8918041141852969,10.042670203333959,1.6336651855213375,0.025941630135923543,36,30,48
66.2580220685305,29.9184189366764,0.8735195472674137,51.262346357095986,31.032818802327526,0.8907007480094954,14.995675711434508,1.1143998656511265,0.017181200742081737,37,30,48
60.787757365290275,30.292642395569235,0.8505611805002943,42.484066810984565,31.848542777231252,0.8867319338189271,18.30369055430571,1.555900381662017,0.03617075331863284,38,30,48
32.47663768591426,33.015093005832696,0.900602286571873,20.591405566491687,34.99394368356878,0.9343170532547113,11.885232119422575,1.9788506777360837,0.03371476668283824,39,30,48
22.93279514377109,34.526233693069905,0.8152994975036917,17.980645485720537,35.58275082488791,0.8646779531818579,4.952149658050555,1.0565171318180049,0.04937845567816623,40,30,48
32.876297323186165,32.961974614481385,0.8616095146282938,21.86687015685539,34.73293734706354,0.8956347117901343,11.009427166330774,1.7709627325821558,0.03402519716184049,41,30,48
48.12998668135233,31.306646193695666,0.9021590382090894,35.61842416182352,32.614056594679006,0.9184970602022949,12.511562519528809,1.3074104009833398,0.016338021993205554,42,30,48
36.09057254073709,32.55686589107365,0.9112824171035419,26.573242919830335,33.886358032116156,0.9225450148802848,9.517329620906757,1.3294921410425076,0.011262597776742989,43,30,48
39.86594510158886,32.12478296501257,0.8281957047738371,34.10066332040526,32.8031753396955,0.8270173628653031,5.765281781183603,0.6783923746829288,-0.001178341908533942,44,30,48
18.76025494371797,35.398416249113474,0.9248872364625255,9.817603854205725,38.21074856775222,0.9590484028238316,8.942651089512246,2.812332318638745,0.03416116636130617,45,30,48
22.240170906371077,34.65942240574406,0.8947292669851343,13.786093388717035,36.7363914473476,0.9124671768575253,8.454077517654042,2.0769690416035402,0.01773790987239099,46,30,48
91.91661613587364,28.496863332269378,0.8836168240781056,78.08460624550837,29.20514936229751,0.8934658967467213,13.83200989036527,0.708286030028134,0.009849072668615677,47,30,48
56.403202895536495,30.61776594466795,0.8984171738336139,41.67410335915042,31.93214096347767,0.9223418630435316,14.729099536386073,1.31437501880972,0.02392468920991775,48,30,48
53.79750956423416,30.82318189430982,0.8501363299481007,42.6076130132171,31.835931562667454,0.8749969467804747,11.189896551017064,1.0127496683576354,0.02486061683237395,49,30,48
55.32504738177259,30.701585663276557,0.8876153393370619,39.90250205540713,32.12080232229084,0.9116416729066584,15.422545326365459,1.4192166590142854,0.024026333569596492,50,30,48
40.95834236540745,32.00737988977382,0.8170495541940682,32.70841388967004,32.98420876225211,0.8259667878094487,8.249928475737406,0.9768288724782863,0.008917233615380438,51,30,48
47.45602319729565,31.367890192291842,0.9189434556498047,33.71007640158261,32.853206240470826,0.9395102936467491,13.745946795713039,1.4853160481789836,0.020566837996944365,52,30,48
24.362049958598924,34.26366531412418,0.9281167387543965,16.04894236853206,36.0763394335723,0.9477637593065755,8.313107590066863,1.8126741194481184,0.01964702055217904,53,30,48
34.37234481432009,32.76871200997635,0.9075643772394205,20.662947038846706,34.97888098309984,0.9374780598062605,13.70939777547338,2.210168973123494,0.029913682566840016,54,30,48
48.00169363595175,31.318238000804037,0.8613723181393126,34.81729822834646,32.71285293398631,0.8846708991321658,13.184395407605294,1.3946149331822753,0.0232985809928532,55,30,48
51.731383918807026,30.99326264050518,0.9096649819426562,42.60785468222722,31.835906929694033,0.9300500277544991,9.123529236579806,0.8426442891888541,0.02038504581184286,56,30,48
29.58384035003437,33.420258107279814,0.888741487800003,19.35101288608455,35.26376658731349,0.9257891488685791,10.232827463949821,1.8435084800336767,0.037047661068576154,57,30,48
72.29607383061493,29.539656480823385,0.9347392929875209,59.59744472858861,30.378527213300856,0.948184484663689,12.698629102026317,0.8388707324774707,0.013445191676168089,58,30,48
52.623600394677226,30.918998025980894,0.9040345090217669,38.69267806367954,32.254515709753775,0.9284102647600033,13.930922330997689,1.3355176837728813,0.02437575573823647,59,30,48
52.44563277246594,30.933710311941212,0.8554360901589336,38.604733246234844,32.264398049863544,0.8861354080956811,13.840899526231098,1.3306877379223323,0.030699317936747517,60,30,48
36.04513058914511,32.56233757585042,0.8623528954818401,26.33089174400075,33.926147933326455,0.8975775985451033,9.714238845144362,1.3638103574760336,0.035224703063263196,61,30,48
19.026077306742906,35.33731103828583,0.9683926338935125,13.537179312546868,36.81552179281879,0.9752636227412381,5.488897994196037,1.4782107545329595,0.006870988847725634,62,30,48
47.35641711778215,31.37701523674115,0.8969357530849487,35.25153948041651,32.659022729234536,0.9204394285328755,12.10487763736564,1.2820074924933849,0.023503675447926864,63,30,48
37.83027304692382,32.352408849638955,0.9173620011888121,26.104524410034685,33.96364575521102,0.9420800713736309,11.725748636889136,1.6112369055720634,0.024718070184818863,64,30,48
45.76618559887045,31.52535643380403,0.8923920052965367,34.30119037854643,32.77771168934075,0.9285076825331133,11.46499522032402,1.2523552555367168,0.036115677236576604,65,30,48
32.03153756171103,33.07502574919049,0.910989542522425,22.281132583036495,34.65143097972077,0.9435345523349655,9.750404978674538,1.576405230530284,0.03254500981254049,66,30,48
56.754670070538054,30.590787575152145,0.9061310234867367,44.982574932039746,31.600360487907786,0.9215300482357621,11.772095138498308,1.0095729127556403,0.015399024749025436,67,30,48
49.95057807715442,31.14539842194487,0.8824885009613509,35.07740389873141,32.68052917399017,0.9168618411564751,14.873174178423007,1.5351307520453048,0.03437334019512417,68,30,48
76.46942386596207,29.295925427173756,0.9138827041001981,59.22527762642951,30.405732556547242,0.9323462829023387,17.24414623953256,1.1098071293734861,0.018463578802140557,69,30,48
31.836025989915324,33.101615102936606,0.8972665459037694,19.838033673525185,35.155817377603505,0.926038659584335,11.997992316390139,2.054202274666899,0.028772113680565536,70,30,48
31.10376998773591,33.20267329215943,0.8624929792670643,17.301390060617422,35.749993634383415,0.9237341894452019,13.802379927118487,2.5473203422239834,0.06124121017813766,0,40,64
40.22859032269404,32.08545546437381,0.8729593016732545,27.13601900836614,33.79534226074544,0.8969261139639938,13.092571314327898,1.7098867963716344,0.02396681229073927,1,40,64
38.67288671435602,32.25673769934637,0.8747371026695269,25.235871517036934,34.110620532444386,0.9127048759869826,13.437015197319084,1.8538828330980195,0.03796777331745571,2,40,64
82.32554219296807,28.975457612271928,0.8127569348507366,61.24050741215942,30.260415804519422,0.8519156428185884,21.085034780808655,1.284958192247494,0.039158707967851814,3,40,64
42.01100765724597,31.89717262411726,0.7878931829836403,28.597020953435507,33.56759567279805,0.8167631532386257,13.413986703810462,1.6704230486807887,0.02886997025498539,4,40,64
53.46415133166948,30.850176834687186,0.837293091389809,34.96072182871672,32.694999700007315,0.8758173543364974,18.503429502952756,1.844822865320129,0.038524262946688426,5,40,64
59.96063846511374,30.35214112268728,0.8400014831206346,46.359692709309776,31.46939812245321,0.8511971815008882,13.600945755803963,1.1172569997659316,0.011195698380253583,6,40,64
168.4963797249953,25.864897867130637,0.9004709576520415,153.8592534331646,26.259567400757074,0.9064156752982031,14.637126291830697,0.39466953362643764,0.005944717646161557,7,40,64
31.857099161432945,33.09874133518899,0.9147459528937051,20.784080944960007,34.95349535747454,0.9467614118498302,11.073018216472938,1.8547540222855474,0.03201545895612512,8,40,64
64.23002739891888,30.053422535946357,0.7704325570948928,46.267589354065116,31.478034885022378,0.8180843146492197,17.962438044853762,1.4246123490760212,0.047651757554326934,9,40,64
100.12896080860986,28.12520652017309,0.8602910118709243,73.87836469171822,29.44563087164449,0.8937513695929403,26.250596116891643,1.3204243514713987,0.033460357722016054,10,40,64
65.54879443780464,29.965156522380497,0.8492567044737438,46.98895462774185,31.41084577569864,0.8804041131692899,18.559839810062797,1.4456892533181431,0.031147408695546108,11,40,64
91.62873927868391,28.510486497266395,0.8674083430398203,66.53460382881828,29.90032785591477,0.8922939565882698,25.094135449865632,1.3898413586483755,0.024885613548449537,12,40,64
89.10454027719192,28.631805270095604,0.8668737052727211,67.60071946573085,29.831290427615688,0.8943790603376779,21.50382081146107,1.1994851575200833,0.02750535506495677,13,40,64
54.84868822549525,30.739141155249353,0.9298898931041983,40.71540788846707,32.033215709390255,0.9486513120583501,14.133280337028182,1.2940745541409022,0.018761418954151732,14,40,64
59.74297268017279,30.367935325148352,0.8524077090148486,40.95657854779871,32.0075669170568,0.883755570457288,18.786394132374078,1.6396315919084472,0.031347861442439395,15,40,64
49.93672238724066,31.146603269744965,0.894289218615795,34.402342407394386,32.764923467855695,0.9166272512388796,15.534379979846271,1.6183201981107302,0.022338032623084536,16,40,64
134.87526974167292,26.83148034615661,0.8317683140750874,110.43275205833646,27.699824656566058,0.8639356719740953,24.44251768333646,0.8683443104094479,0.03216735789900782,17,40,64
73.2012532857221,29.485618441481268,0.8504905382279557,51.651420159394135,30.999980938910863,0.8799401238904502,21.549833126327968,1.5143624974295946,0.02944958566249445,18,40,64
116.23961933957474,27.4772618179915,0.8295961422443182,88.10484126495906,28.680805877919564,0.853891059674214,28.13477807461568,1.2035440599280633,0.024294917429895757,19,40,64
58.57321155168104,30.45381323950491,0.9038969201546175,43.23183894005437,31.77276651484337,0.9250215423047446,15.341372611626674,1.3189532753384583,0.021124622150127115,20,40,64
73.68499994629578,29.457012733287943,0.81216676753564,55.77394585930665,30.6664899010231,0.84378842975683,17.911054086989125,1.2094771677351552,0.031621662221190006,21,40,64
102.97305744496782,28.003567529938977,0.8492047375289024,71.36774712243,29.595783733409068,0.8863468659080138,31.605310322537818,1.592216203470091,0.03714212837911146,22,40,64
41.17158048115079,31.984828219960537,0.8961626622763772,27.610501446108298,33.72006066749464,0.9281002777517461,13.561079035042493,1.7352324475341057,0.031937615475368886,23,40,64
61.93107624242282,30.211717335939422,0.8776754071982708,40.89074620067023,32.0145532495587,0.9201206467777867,21.04033004175259,1.8028359136192798,0.04244523957951596,24,40,64
37.28220654547088,32.41578752728796,0.8877568860931572,23.944145287503126,34.338810218299,0.925598200646538,13.338061257967752,1.9230226910110417,0.0378413145533808,25,40,64
95.28253585001093,28.340670539232956,0.8712687089104484,64.0519827599675,30.065477827843203,0.9087410292933118,31.23055309004343,1.724807288610247,0.03747232038286341,26,40,64
86.9477064878609,28.738222302255924,0.8333544887562918,59.61718481478878,30.37708896522338,0.8707265713779831,27.33052167307212,1.6388666629674553,0.03737208262169134,27,40,64
47.129242023458005,31.397899057820858,0.832307362927326,32.35255883541901,33.031717251938154,0.873765072537486,14.776683188038994,1.6338181941172962,0.04145770961016004,28,40,64
19.955579527168478,35.130160162799775,0.9108215647360786,13.134484043986689,36.946673436050204,0.9356112317748532,6.821095483181789,1.816513273250429,0.02478966703877461,29,40,64
40.793825454435385,32.02485927532878,0.8500935664956227,25.302062339863767,34.09924439442311,0.9003718970354083,15.491763114571619,2.0743851190943303,0.05027833053978559,30,40,64
68.6600660513139,29.76376143984597,0.8851691984873004,48.86298978252719,31.24100324216395,0.9114977358621538,19.797076268786718,1.4772418023179803,0.02632853737485341,31,40,64
51.32780643630484,31.027276563765742,0.9140727127282964,35.120058234908136,32.675251335006365,0.9410990695868128,16.207748201396704,1.647974771240623,0.027026356858516398,32,40,64
81.72591048189288,29.007205932544228,0.8408838161682238,61.7429891576053,30.22492709754409,0.8642850229195194,19.98292132428758,1.2177211649998618,0.023401206751295534,33,40,64
36.99366314562242,32.44953023195062,0.8839496529893935,20.464003278887013,35.020897641476,0.9289081719463589,16.529659866735408,2.5713674095253793,0.04495851895696534,34,40,64
64.51421013779527,30.03424976392089,0.8325248583026456,42.487570279301025,31.848184649034515,0.8910733271590735,22.02663985849425,1.8139348851136248,0.05854846885642795,35,40,64
42.39583113634233,31.857572071877982,0.8428933775957623,28.037585023551742,33.653397572834535,0.8776849116607576,14.358246112790589,1.7958255009565534,0.034791534064995244,36,40,64
95.87391529672072,28.313798974265293,0.8354319859396985,71.46233319956099,29.59003169332407,0.8604177004642976,24.411582097159737,1.276232719058779,0.02498571452459908,37,40,64
83.90525097936977,28.892912200629898,0.8186596884800071,56.43528164936414,30.61529664065253,0.8631372283726358,27.469969330005625,1.7223844400226334,0.044477539892628704,38,40,64
45.53148959407418,31.547685020838955,0.8742271768702364,27.41088662745282,33.751572774924874,0.9191356809905139,18.120602966621362,2.203887754085919,0.04490850412027747,39,40,64
31.25386108962942,33.18176683305025,0.7937462127417553,23.179996787510937,34.479669894287014,0.853137573533688,8.073864302118483,1.2979030612367666,0.059391360791932746,40,40,64
43.018227579950945,31.794278480778388,0.8407930736195247,27.094030604572865,33.80206743833441,0.88556217220798,15.92419697537808,2.0077889575560235,0.044769098588455236,41,40,64
64.31180880222003,30.047896363609333,0.8821200385212861,47.72005672142544,31.34379409654446,0.9027590283451595,16.591752080794585,1.2958977329351278,0.020638989823873466,42,40,64
49.65955036870391,31.170775778538516,0.8826443739109812,35.63530120258405,32.611999269038066,0.9019575619871025,14.024249166119859,1.4412234904995493,0.019313188076121368,43,40,64
52.98258347589364,30.88947229821577,0.7789574014639561,44.91250129378359,31.60713118144588,0.7842578672437274,8.070082182110049,0.7176588832301078,0.0053004657797712795,44,40,64
23.48688079029184,34.42255017377392,0.9071020956680629,12.644130909417573,37.111913772638474,0.9508533914893587,10.842749880874266,2.689363598864553,0.04375129582129578,45,40,64
24.806963216512,34.18506758185114,0.8905431274430778,17.492821331903823,35.70220500499485,0.9083165582564435,7.314141884608176,1.5171374231437085,0.017773430813365687,46,40,64
130.51493941675258,26.974201347498315,0.8486802972230514,106.46848684930009,27.858592790338573,0.8674306942635107,24.04645256745249,0.8843914428402577,0.018750397040459332,47,40,64
80.14597198787652,29.091986605956777,0.8672565946814824,57.50954641412011,30.533404185983287,0.9004220104085997,22.636425573756412,1.4414175800265099,0.03316541572711729,48,40,64
73.31474068671103,29.478890580510523,0.8147095563724528,55.58201709161355,30.68146057435883,0.8495869493775481,17.732723595097482,1.2025699938483072,0.03487739300509529,49,40,64
78.03475383448163,29.20792296164397,0.8555016015075156,54.980161781535124,30.728743474280378,0.8893040106275153,23.05459205294651,1.5208205126364085,0.033802409119999655,50,40,64
52.420808604979065,30.935766450972373,0.7889465619391306,40.552447179454134,32.05063293579312,0.8074344329036528,11.868361425524931,1.1148664848207446,0.0184878709645222,51,40,64
66.51975009471472,29.901297519002583,0.8943187516507574,46.16422690815992,31.48774793847506,0.9248076823934325,20.355523186554805,1.5864504194724773,0.030488930742675113,52,40,64
32.08955155019685,33.06716712972649,0.9255386499650444,21.967731450560866,34.71295150072664,0.943074573994462,10.121820099635986,1.645784371000147,0.017535924029417616,53,40,64
48.823901284800336,31.244478820020753,0.8813804103575342,28.317206564999687,33.61029952007057,0.9236236988640947,20.50669471980065,2.3658207000498166,0.04224328850656045,54,40,64
64.59363160659605,30.028906585763835,0.8312670890331931,45.23045007557649,31.57649451557393,0.8647630782313448,19.363181531019556,1.5475879298100956,0.033495989198151666,55,40,64
71.77854879956412,29.570856872372605,0.8842129279334872,55.79230769981877,30.665060356545336,0.9137185773381219,15.98624109974535,1.0942034841727306,0.029505649404634737,56,40,64
40.64417802266904,32.040820159491645,0.8623456748154569,25.269797452076304,34.10478599984724,0.9120344299062566,15.374380570592734,2.0639658403555927,0.04968875509079973,57,40,64
103.79366336532152,27.969095203562144,0.9134789479909138,82.92564613505343,28.943914967536287,0.932989263348816,20.868017230268094,0.9748197639741427,0.019510315357902264,58,40,64
73.78896070608361,29.450889673787874,0.8772580467665637,52.372528385123736,30.93976820054044,0.9115452452685749,21.416432320959878,1.4888785267525648,0.03428719850201123,59,40,64
69.22530972690913,29.72815453331676,0.8229025939284781,49.09191636689945,31.220703751863503,0.865044478019435,20.133393360009684,1.492549218546742,0.04214188409095687,60,40,64
48.58498644700662,31.265782749503707,0.8246614116830111,33.39446106834302,32.89405921808986,0.8784204813344054,15.190525378663601,1.6282764685861508,0.05375906965139432,61,40,64
28.889162536323585,33.52345408539986,0.9616581032158765,20.137793566819774,35.09068476291258,0.9708512071223709,8.751368969503812,1.5672306775127183,0.009193103906494415,62,40,64
70.81001202974628,29.62985692699936,0.8608657539673802,50.95769559566773,31.058705807226033,0.8992401808348452,19.852316434078546,1.4288488802266741,0.03837442686746506,63,40,64
55.15996035163573,30.714564155300156,0.8911344252223893,37.793831801298275,32.35659434926122,0.9262490848267128,17.366128550337457,1.642030193961066,0.03511465960432347,64,40,64
62.550111411854765,30.168522732891407,0.8647913775513606,44.26591915268404,31.670108743794945,0.9140033242814153,18.284192259170723,1.5015860109035373,0.04921194673005469,65,40,64
46.55347561535277,31.45128250540427,0.8881548975023404,30.754591955302462,33.25170391587029,0.9329034803708797,15.798883660050304,1.8004214104660186,0.04474858286853922,66,40,64
80.43395674173541,29.076409276392535,0.8778980095526706,61.74906701115486,30.224499607980402,0.9025287596452906,18.684889730580558,1.1480903315878663,0.024630750092619946,67,40,64
70.4541579519357,29.651737321621315,0.8518834856078991,48.48240381085177,31.27496216378252,0.895953547033537,21.971754141083927,1.6232248421612034,0.04407006142563796,68,40,64
111.21840714734877,27.669036899802077,0.8832562070269478,83.10865133557525,28.934341261122327,0.9099107333520987,28.109755811773525,1.2653043613202506,0.026654526325150862,69,40,64
45.52486224866423,31.548317205082675,0.8622292230704706,27.50541424021216,33.73662170921023,0.9053636084082178,18.019448008452066,2.188304504127558,0.04313438533774727,70,40,64
38.99014503069929,32.22125510242242,0.8422258204880827,21.70989966586208,34.76422544537541,0.9123164019367861,17.28024536483721,2.542970342952991,0.07009058144870339,0,50,80
52.53776627530934,30.92608756729421,0.8433400577938092,34.21561794521779,32.78855972964785,0.876511421851081,18.32214833009155,1.8624721623536402,0.033171364057271835,1,50,80
51.95726168994501,30.974341065401344,0.8532010404267621,33.54525056926478,32.874493206422315,0.899518014908049,18.412011120680226,1.9001521410209712,0.0463169744812868,2,50,80
103.43350916584646,27.984191017208552,0.7751323766341395,76.68296797372984,29.283814471982907,0.8230893451317947,26.750541192116614,1.2996234547743555,0.047956968497655184,3,50,80
50.41437496094238,31.105259737064614,0.7708234817605777,35.592999483463004,32.61715772576727,0.8026139503339534,14.821375477479378,1.511897988702657,0.03179046857337575,4,50,80
67.94610805485252,29.809157754242563,0.808113091047684,44.04336188933414,31.691998990182103,0.857249542560588,23.902746165518373,1.8828412359395408,0.04913645151290402,5,50,80
76.0024679532246,29.322526659415296,0.8065657211289463,60.855721770130295,30.287789431930086,0.8167904230190891,15.1467461830943,0.9652627725147909,0.010224701890142796,6,50,80
219.98159666076896,24.706940109683696,0.8735798300678468,197.323558188039,25.17901422699851,0.8827555085656374,22.65803847272997,0.47207411731481486,0.009175678497790662,7,50,80
44.7579917988767,31.622097684948848,0.8959771605270174,28.929008873890762,33.517468061682024,0.9364216318404562,15.82898292498594,1.895370376733176,0.04044447131343887,8,50,80
78.2024038987314,29.198602576302115,0.734086933621752,54.678266535042496,30.752656231908354,0.7928370832702742,23.524137363688908,1.5540536556062392,0.05875014964852221,9,50,80
129.30663244731127,27.014595594105998,0.8302601292312585,95.48959566089395,28.331243064906374,0.8703292061526812,33.81703678641732,1.3166474708003761,0.0400690769214227,10,50,80
85.80295614903606,28.795781101159662,0.8159525757644638,61.38911054086989,30.249890198803563,0.8548416532990943,24.41384560816617,1.4541090976439008,0.038889077534630556,11,50,80
121.25615364973909,27.29376572947748,0.8353347967681851,88.44487053864361,28.664077102966722,0.8660375502023819,32.81128311109548,1.3703113734892405,0.030702753434196817,12,50,80
116.74607837106299,27.458380598131637,0.8397189754683615,87.64114959262905,28.70372295282976,0.8733782628055446,29.104928778433944,1.2453423546981242,0.03365928733718315,13,50,80
75.8758385182321,29.329768572876745,0.9114642469939344,57.133237373648605,30.561915274309047,0.9363846611286405,18.742601144583496,1.2321467014323026,0.024920414134706137,14,50,80
77.29627473323647,29.249217971149744,0.8200419853049016,53.20751812761686,30.87107359199699,0.8582723415988843,24.088756605619615,1.6218556208472457,0.03823035629398275,15,50,80
64.0364848192804,30.066528768693903,0.8731193605917104,45.798372981697604,31.52230311196396,0.8980538845797187,18.2381118375828,1.4557743432700576,0.024934523988008328,16,50,80
177.69769672345643,25.633985622509936,0.7983457263602052,142.61932065620704,26.589019974418477,0.8356103093679632,35.078376067249394,0.9550343519085409,0.037264583007758034,17,50,80
95.56958749296963,28.327606494004712,0.8218809597990849,66.7975493541823,29.88319831348635,0.8572391763082597,28.772038138787337,1.5555918194816378,0.03535821650917481,18,50,80
153.09128094827992,26.281299039637585,0.789900252615368,115.49310730689913,27.505242948034095,0.8212596079982649,37.59817364138078,1.2239439083965102,0.031359355382896914,19,50,80
77.41726864220098,29.242425159535014,0.7664147782013369,57.06470211731346,30.567128063147152,0.7957352310612266,20.35256652488752,1.3247029036121383,0.029320452859889712,20,50,80
93.67975279945476,28.414346248110157,0.7700781980296973,70.63352762057086,29.640694642884,0.809676130334946,23.0462251788839,1.2263483947738436,0.03959793230524866,21,50,80
132.94854671486377,26.893967665276275,0.819566994907026,94.16661601381858,28.391833970419384,0.8606949608125838,38.781930701045184,1.4978663051431091,0.041127965905557784,22,50,80
54.14331448315054,30.795355224795607,0.8804750606398631,36.922204182485004,32.45792741219442,0.916349700361654,17.221110300665536,1.6625721873988155,0.035874639721790835,23,50,80
78.7928320483377,29.165936502748956,0.8579339969601424,52.48352622914323,30.930573544238662,0.9061369491312249,26.30930581919447,1.7646370414897063,0.0482029521710825,24,50,80
49.23537292213474,31.208031291351762,0.872924584336202,31.859086339793464,33.098470439939994,0.9148107611930181,17.376286582341272,1.8904391485882321,0.04188617685681606,25,50,80
125.41593311578241,27.14727647142746,0.8445100586027747,84.77960067003343,28.847889942503503,0.8895026922015311,40.63633244574898,1.7006134710760428,0.04499263359875638,26,50,80
112.89204315769122,27.604170277514832,0.7860908978390669,77.90219630749282,29.215306588978024,0.8365704523444341,34.989846850198404,1.6111363114631914,0.05047955450536712,27,50,80
58.75506272165198,30.440350666501548,0.7982429683921071,40.55652271981627,32.05019648969012,0.8437226633087714,18.19854000183571,1.609845823188575,0.04547969491666437,28,50,80
25.644074031761654,34.04093338891626,0.8961486038345767,16.059852625843643,36.073388052351206,0.9285892072785065,9.584221405918012,2.0324546634349474,0.03244060344392974,29,50,80
52.46425300353081,30.93216867196547,0.8250811006048178,32.985838806282025,32.94752828513048,0.8847807444026051,19.47841419724878,2.0153596131650104,0.05969964379778736,30,50,80
90.28195694288215,28.574793966353806,0.8586838559047202,63.219571918744535,30.122288101102605,0.8924674375964822,27.062385024137612,1.5474941347487992,0.03378358169176199,31,50,80
67.969965790409,29.80763309527969,0.8962888621233337,46.678179631842895,31.43966449896913,0.9282881539233202,21.29178615856611,1.6320314036894388,0.03199929179998651,32,50,80
105.5023747031621,27.89818125794648,0.8113946947519187,79.99357819530371,29.10025237204563,0.8397419827882873,25.508796507858392,1.2020711140991516,0.028347288036368545,33,50,80
49.759183056219534,31.16207119351715,0.8581701443144237,27.411558296423884,33.75146635788046,0.9174250122754666,22.34762475979565,2.58939516436331,0.059254867961042845,34,50,80
81.79362857963068,29.00360885808786,0.8077801283313099,53.57375530695382,30.841282711139336,0.8745378890663348,28.219873272676857,1.8376738530514771,0.06675776073502493,35,50,80
54.01146475342926,30.805944056621502,0.8170552342515861,35.756992900301526,32.59719372604175,0.8588847287824262,18.254471853127733,1.7912496694202495,0.04182949453084006,36,50,80
128.0417130475878,27.057288850073597,0.7996456156321451,95.17408273184601,28.345616610018617,0.8298858500387393,32.86763031574178,1.2883277599450196,0.03024023440659418,37,50,80
109.74159211543869,27.72709104279457,0.787254438323827,72.8450348735705,29.506804053177884,0.839006364031727,36.896557241868194,1.7797130103833148,0.05175192570789999,38,50,80
57.46774756182821,30.536561854958137,0.8512702856812776,35.83875233369266,32.58727478851715,0.9027475540274442,21.62899522813555,2.050712933559012,0.051477268346166616,39,50,80
40.3585843273497,32.071444369403814,0.7818076720852459,29.075034688046806,33.49560119330938,0.8455778082273439,11.283549639302898,1.4241568239055695,0.06377013614209792,40,50,80
58.10678425938945,30.488535194516174,0.8163570360040607,34.79608823311148,32.715499374461345,0.8741137657107293,23.310696026277967,2.2269641799451705,0.057756729706668564,41,50,80
80.62979005065773,29.065848319126545,0.8608405172840087,60.438199863688915,30.31768840358255,0.887268440545126,20.191590186968817,1.2518400844560063,0.026427923261117314,42,50,80
65.55403694655355,29.964809193097345,0.8548166049532463,46.91027464340395,31.418123852695974,0.8801839712651202,18.6437623031496,1.4533146595986288,0.025367366311873862,43,50,80
65.30290989016999,29.981478270493895,0.7444196990428854,54.80483457634202,30.742614896606185,0.7571366051810551,10.498075313827968,0.7611366261122896,0.01271690613816967,44,50,80
37.77491937043026,32.35876814845983,0.8878248856607351,19.53270929024497,35.223178744568045,0.9408705638586259,18.24221008018529,2.8644105961082147,0.053045678197890744,45,50,80
39.01303096390295,32.21870668444788,0.8708722339429973,25.210044545213098,34.11506747808555,0.9011314116499181,13.802986418689851,1.896360793637669,0.03025917770692077,46,50,80
169.62220225401512,25.835976633875212,0.8216787598334947,137.18020598987627,26.757889102081087,0.8458890426713533,32.44199626413885,0.9219124682058748,0.024210282837858643,47,50,80
105.75776648524403,27.887680905623565,0.8373630509749107,75.52793730373547,29.349727367537955,0.8766384904910239,30.229829181508563,1.4620464619143902,0.03927543951611323,48,50,80
93.11877763326459,28.440430944922127,0.7832255456195786,69.75176540432446,29.695251568698914,0.8255464206428353,23.367012228940126,1.2548206237767872,0.042320875023256765,49,50,80
103.77325539385701,27.969949199899848,0.8262368558121694,73.01470739009186,29.496700117746535,0.8671121461730046,30.758548003765156,1.5267509178466874,0.04087529036083515,50,50,80
65.07258455486033,29.996823044702644,0.7722886243276935,49.968630752210665,31.143829118637193,0.7956045202587138,15.103953802649663,1.1470060739345485,0.023315895931020236,51,50,80
88.2251913335052,28.674877519827394,0.8796083100103508,61.46033894200725,30.244854098899925,0.9102879454879945,26.764852391497946,1.5699765790725309,0.03067963547764374,52,50,80
42.60866207642014,31.835824634182302,0.9177958305707085,30.575523518544557,33.27706459042871,0.9364215372415566,12.033138557875581,1.441239956246406,0.018625706670848174,53,50,80
63.4156311515748,30.108840416902247,0.8575436100049049,37.287594787956195,32.41515990486152,0.9091205996251167,26.128036363618605,2.3063194879592714,0.051576989620211844,54,50,80
81.86114614091207,29.00002539943109,0.802946432572396,56.732556623781406,30.592480056024854,0.8440180620754463,25.128589517130663,1.5924546565937625,0.04107162950305032,55,50,80
92.63725237470317,28.462946954884455,0.8628819853716703,70.67502682770123,29.638143788514487,0.8991442158304784,21.962225547001935,1.1751968336300322,0.036262230458808165,56,50,80
52.20404102319241,30.95376238590812,0.8366681838199591,32.56561521118454,33.003210738345814,0.8959321826639709,19.638425812007867,2.049448352437693,0.05926399884401179,57,50,80
138.4693541725253,26.71726694228855,0.894987474843625,109.07335801774778,27.75361676996804,0.9167376658104418,29.39599615477752,1.0363498276794907,0.02175019096681685,58,50,80
96.3322496064945,28.293086585670117,0.8500590265075095,68.50940409792526,29.77330170871638,0.8921745702123447,27.822845508569245,1.4802151230462641,0.04211554370483517,59,50,80
87.65802419228847,28.702886834166925,0.7944835570704417,61.22849731674166,30.26126759852156,0.8445452283247511,26.429526875546806,1.5583807643546344,0.05006167125430938,60,50,80
57.491579055547746,30.534761237875433,0.8118473198695688,41.46638835672885,31.953841500770462,0.8624095302636463,16.025190698818896,1.4190802628950294,0.05056221039407749,61,50,80
30.711627599284466,33.25777527861595,0.9581722711089317,23.654462137545305,34.391672834929146,0.9680725024763324,7.05716546173916,1.1338975563131939,0.009900231367400703,62,50,80
92.60723744981097,28.46435431835117,0.8343561512286085,68.82033739923135,29.75363563401581,0.8781244613928317,23.786900050579618,1.2892813156646419,0.04376831016422322,63,50,80
70.7784214961411,29.631794881154384,0.8738687354264182,49.80047672263623,31.158468607383263,0.9101411845810746,20.977944773504873,1.5266737262288785,0.03627244915465644,64,50,80
81.84107748250219,29.001090224020196,0.8349195516895431,56.90323987821835,30.579433665084306,0.8957708301381461,24.937837604283835,1.57834344106411,0.06085127844860294,65,50,80
63.24288187121141,30.12068709091483,0.8651500393340813,41.529015660151856,31.947287234837884,0.9202189338679826,21.713866211059553,1.8266001439230521,0.05506889453390129,66,50,80
107.64716263494407,27.810777736961114,0.8540904299716159,81.50216550079678,29.019112128328114,0.8822158870869594,26.14499713414729,1.208334391367,0.028125457115343533,67,50,80
92.09343912577334,28.488516693569107,0.8232897658082612,63.84190025563211,30.079745555475903,0.8735889770384194,28.251538870141232,1.5912288619067958,0.050299211230158236,68,50,80
146.69555355873484,26.466634105840768,0.854031311668875,109.95355390146544,27.718710897463446,0.8858145150037896,36.7419996572694,1.2520767916226774,0.03178320333491458,69,50,80
61.89514347815898,30.214237868620234,0.8316861242273407,37.65659407320179,32.37239324053587,0.8834673880369825,24.23854940495719,2.1581553719156368,0.051781263809641875,70,50,80
97.23965461348581,28.25236953268842,0.7489505600305346,69.00461160616642,29.742022450844882,0.8237237990861829,28.23504300731939,1.4896529181564624,0.07477323905564826,0,100,160
167.79829608701257,25.882928144095864,0.738110492281867,125.51708099475847,27.14377530054882,0.7793826473690842,42.2812150922541,1.2608471564529573,0.041272155087217266,1,100,160
127.69883134725347,27.068934380897062,0.786596347261136,96.15781682074896,28.300957663742317,0.8331921573511849,31.54101452650451,1.2320232828452546,0.04659581009004887,2,100,160
213.4595685304962,24.837647336236834,0.6475683693247631,169.08134017427508,25.849846793878527,0.694277411878735,44.378228356221115,1.0121994576416924,0.0467090425539719,3,100,160
128.2165807154965,27.0513616994703,0.6902594855237827,98.38517780492282,28.201506860382413,0.7327000762268042,29.831402910573672,1.150145160912114,0.04244059070302153,4,100,160
159.64861081817898,26.099152169878998,0.7010492756183072,115.52522487423447,27.504035383056543,0.7634381598202915,44.12338594394451,1.4048832131775448,0.062388884201984296,5,100,160
155.59431511490752,26.21086635562108,0.6895020505192034,134.84171119235094,26.832561056226545,0.7050689190455204,20.752603922556574,0.6216947006054667,0.015566868526316946,6,100,160
496.74113123554866,21.169502388653143,0.7600197798669545,439.74425767579834,21.69880183860633,0.7766680383594213,56.99687355975033,0.5292994499531858,0.016648258492466872,7,100,160
121.1550531281246,27.297388284868724,0.8436907749225346,92.86719348069772,28.452180398408586,0.8824615528835219,28.287859647426885,1.1547921135398624,0.03877077796098727,8,100,160
159.0280475194507,26.116066339769933,0.6367076964593058,113.40114285030778,27.584629294937272,0.7048917915956331,45.62690466914292,1.4685629551673394,0.06818409513632728,9,100,160
284.81465451584177,23.585180296543918,0.711297543371387,227.15966436812585,24.56749142532746,0.7564038824538901,57.65499014771592,0.9823111287835431,0.045106339082503166,10,100,160
210.70237167619672,24.894109367923768,0.6906371015026872,165.45929793443787,25.943891836412494,0.7383986946203124,45.24307374175885,1.0497824684887256,0.04776159311762518,11,100,160
277.59346487939007,23.696711231493126,0.7092865145549768,223.6870055549697,24.634396051114138,0.7451262317222809,53.90645932442038,0.9376848196210119,0.03583971716730405,12,100,160
273.5474028881155,23.76047765010553,0.7246293783564083,217.54944316042526,24.75522384857948,0.766198204795458,55.99795972769027,0.9947461984739512,0.04156882643904969,13,100,160
189.6144101372094,25.35209021508988,0.8460983761197435,152.46650882506873,26.29905904921809,0.8749531591773042,37.147901312140675,0.9469688341282101,0.02885478305756073,14,100,160
194.12406432594364,25.25000985416853,0.6882813892602077,149.95526193991375,26.3711865108331,0.7349814955675168,44.16880238602988,1.12117665666457,0.04670010630730914,15,100,160
150.42123884905013,26.357711997205,0.7784437588031756,118.54021457766999,27.392146518183473,0.8082664224354748,31.88102427138014,1.034434520978472,0.02982266363229913,16,100,160
412.2891104676369,21.978784966614363,0.667170538511327,337.67542094347584,22.845809109434974,0.7110458573820863,74.61368952416103,0.8670241428206111,0.04387531887075924,17,100,160
210.93216277652795,24.889375551853668,0.7150264393218891,167.23314346448882,25.897580076375863,0.7511925648291298,43.69901931203913,1.0082045245221956,0.03616612550724063,18,100,160
339.9011881327334,22.81727678195448,0.6305898855043325,276.9319283087661,23.70707331128331,0.6658357054207618,62.96925982396732,0.8897965293288301,0.03524581991642928,19,100,160
178.86969951509968,25.60543583452702,0.6943484871302662,137.0553603895216,26.761843349138495,0.7323643886496559,41.81433912557807,1.1564075146114732,0.038015901519389717,20,100,160
211.9304237360955,24.868870544059515,0.6183821497287815,168.6491162481643,25.860962911182682,0.6687735094426824,43.2813074879312,0.992092367123167,0.05039135971390096,21,100,160
279.9881322207771,23.659407374551922,0.6955705791129314,220.0967237493751,24.704667829586224,0.7378366636475487,59.89140847140203,1.0452604550343025,0.04226608453461733,22,100,160
111.14983893614861,27.671715231553712,0.8205707986413108,88.84159633854362,28.64464007358064,0.8589232990005988,22.308242597604988,0.9729248420269272,0.038352500359288055,23,100,160
196.65152854428354,25.193830343999597,0.757247737830164,145.83191236837584,26.492277899109315,0.8130012869619154,50.8196161759077,1.2984475551097177,0.055753549131751456,24,100,160
141.53079217148638,26.62229423372821,0.8206296317411561,109.22376829361174,27.747632049576147,0.860194529530833,32.30702387787464,1.1253378158479386,0.03956489778967687,25,100,160
276.7128267902059,23.710510699051493,0.7542845157862428,209.7990715027809,24.912767990414054,0.7986610578030789,66.913755287425,1.2022572913625602,0.04437654201683616,26,100,160
227.10869747238627,24.56846594363125,0.652047026298527,178.16285220206848,25.622632041830578,0.6927843301908844,48.94584527031779,1.0541660981993282,0.04073730389235741,27,100,160
136.3255916252656,26.785029697554798,0.6682052723933483,102.31688165444163,28.031330653326712,0.7228048002039088,34.00870997082396,1.2463009557719147,0.054599527810560544,28,100,160
52.080181261522,30.96407873772794,0.8567923748652629,40.9968019134327,32.00330381355996,0.8914047773009083,11.083379348089302,1.039225075832018,0.03461240243564534,29,100,160
124.3110886773919,27.18570490982408,0.7448395474498023,90.29565579204943,28.574135043630985,0.8091615704688576,34.01543288534246,1.3884301338069065,0.06432202301905532,30,100,160
194.15782682926354,25.249254584903696,0.7671487035955004,161.8586725731549,26.03944386509869,0.8012951327490226,32.299154256108636,0.7901892801949941,0.034146429153522284,31,100,160
152.7733778150778,26.290326798961125,0.8365513100527049,122.12727535034684,27.262676927355972,0.8678575046275752,30.64610246473096,0.9723501283948472,0.03130619457487027,32,100,160
227.9274302138014,24.552837668256096,0.6936441401640417,187.98863520966128,25.38948765938917,0.7284528353176248,39.938795004140104,0.8366499911330756,0.03480869515358309,33,100,160
96.32958892833709,28.29320653862507,0.8023111653894209,74.76727603873735,29.393688023811197,0.8560814713909691,21.56231288959974,1.1004814851861262,0.053770306001548196,34,100,160
176.6421262771841,25.659860770963743,0.7122971390671555,125.86810096003624,27.131646810567737,0.7827047457427269,50.77402531714786,1.4717860396039946,0.07040760667557133,35,100,160
129.58054474147764,27.005405595314798,0.7361112818284262,99.25352470589614,28.16334422428824,0.781192383817637,30.327020035581498,1.1579386289734437,0.04508110198921078,36,100,160
291.36195536593084,23.48647517803583,0.6557897313661636,240.60940600198413,24.317677599134953,0.6862305452168919,50.75254936394671,0.8312024210991247,0.030440813850728277,37,100,160
220.3533932037792,24.69960618305472,0.6813804446213196,168.65777227065368,25.86074001251496,0.7297730905057976,51.695620933125525,1.1611338294602405,0.048392645884478,38,100,160
129.3383108605565,27.01353176042259,0.7505172574064326,93.36136120192008,28.429131858021787,0.8131417770387196,35.97694965863643,1.4156000975991958,0.06262451963228699,39,100,160
106.00422017560305,27.877572053909375,0.7212715200998976,84.39496869531933,28.8676380444357,0.7862233955430261,21.609251480283717,0.9900659905263254,0.06495187544312853,40,100,160
127.5085665561336,27.075409974071228,0.7508276065602746,90.3176033659855,28.573079560734218,0.8123850370218322,37.190963190148096,1.4976695866629903,0.061557430461557594,41,100,160
188.81241907749813,25.370498043833773,0.774743427982715,151.1059620965348,26.33798760496174,0.8149050053952451,37.70645698096334,0.9674895611279659,0.040161577412530125,42,100,160
157.73181147766687,26.151610698474876,0.7359307932627358,125.57912487501562,27.141629086089978,0.7738343752455884,32.152686602651244,0.9900183876151019,0.0379035819828526,43,100,160
124.18673898672822,27.19005137751733,0.6624852624522841,104.5504248492376,27.937545589193405,0.6885556049570053,19.636314137490615,0.7474942116760737,0.026070342504721178,44,100,160
95.34103903515967,28.3380048027104,0.8282933160064295,72.48310440687102,29.528435752347306,0.8849649081659661,22.857934628288646,1.1904309496369052,0.056671592159536543,45,100,160
117.39440895083428,27.43432947258034,0.8450149984704254,101.14790241063616,28.08123479998672,0.8676656366751009,16.246506540198112,0.6469053274063796,0.0226506382046755,46,100,160
381.47020221105174,22.316197413050084,0.7122744296686166,320.0865809742532,23.078128933185692,0.7422557869451567,61.38362123679855,0.761931520135608,0.029981357276540055,47,100,160
245.55809527715286,24.22926104842784,0.7079167779677191,193.47899871891013,25.26446529680836,0.7505995207362265,52.079096558242725,1.03520424838052,0.042682742768507365,48,100,160
208.27293731838208,24.94447518845533,0.6660538147571585,162.14996977916823,26.031634888008966,0.7172436113654976,46.122967539213846,1.087159699553638,0.05118979660833911,49,100,160
259.25867787034434,23.993470589191517,0.7173553141758277,200.4975103209755,25.10971376732534,0.7645723012190683,58.76116754936885,1.1162431781338213,0.04721698704324062,50,100,160
135.64895330466504,26.8066391386327,0.7170061864983333,110.96364138564711,27.678996607501894,0.748461887277437,24.685311919017934,0.8723574688691933,0.03145570077910376,51,100,160
200.27758700572585,25.114480105976547,0.8049830048059395,156.87420761857894,26.17528815685811,0.8348150244731788,43.40337938714691,1.0608080508815618,0.02983201966723925,52,100,160
87.38162673513467,28.716602354003303,0.8811113554559858,68.10977143482064,29.798709380036353,0.901306586072986,19.27185530031403,1.08210702603305,0.020195230617000126,53,100,160
158.41068694538183,26.132958835838448,0.7611086147903078,113.58397631936633,27.57763292582,0.8238112005174668,44.8267106260155,1.4446740899815538,0.06270258572715903,54,100,160
188.54569729076835,25.37663734835357,0.6895813468575107,144.47444008463785,26.5328934084853,0.7357026945919731,44.0712572061305,1.1562560601317315,0.046121347734462415,55,100,160
210.1663676317804,24.905171426132547,0.7737875657117619,168.35190877019278,25.868623160947237,0.816997434996197,41.81445886158761,0.96345173481469,0.043209869284435154,56,100,160
130.32063460329178,26.98067174742129,0.7485616901925524,93.92018649036058,28.40321414617117,0.8118093488015546,36.4004481129312,1.4225423987498793,0.06324765860900228,57,100,160
329.6729295556805,22.94997073498067,0.8033231625389016,281.0786921898435,23.642524366945455,0.8278952726528551,48.594237365837046,0.6925536319647847,0.02457211011395355,58,100,160
229.26554651859925,24.527415659770348,0.7318733132515285,177.91967874132922,25.628563751441952,0.7835969926965475,51.34586777727003,1.1011480916716039,0.05172367944501899,59,100,160
180.3484914727456,25.56967846860062,0.6822800304549105,137.38317597995564,26.751468088316734,0.7377764756519912,42.965315492789955,1.1817896197161133,0.055496445197080746,60,100,160
131.9550610372922,26.92654308953621,0.7255522115761925,100.2227280183727,28.121141409966622,0.7701636666315158,31.732333018919505,1.194598320430412,0.04461145505532327,61,100,160
77.58506090059055,29.233022554992996,0.9442873600609021,71.69758626363111,29.575758257026333,0.949909331273615,5.887474636959439,0.3427357020333375,0.005621971212712906,62,100,160
195.26949780691476,25.224459515212327,0.7344344006069369,162.00003673857174,26.0356524783542,0.7747645048984552,33.26946106834302,0.811192963141874,0.04033010429151829,63,100,160
171.06221963953723,25.79926257895088,0.7859695097989824,134.41603881546058,26.846292680916157,0.8222131687891528,36.64618082407665,1.0470301019652766,0.03624365899017046,64,100,160
210.92719281671822,24.88947788103481,0.7242929788534885,160.97352540405106,26.0632590543465,0.7955388676055978,49.95366741266716,1.1737811733116885,0.07124588875210924,65,100,160
156.13271949404762,26.19586436622379,0.785605809706488,122.84850257975566,27.23710493705149,0.8480995908240055,33.28421691429196,1.0412405708277,0.06249378111751758,66,100,160
244.95677505643826,24.23990905118284,0.7577939062644439,200.98597782699036,25.099146017797054,0.7920799645413634,43.970797229447896,0.8592369666142154,0.03428605827691955,67,100,160
209.59283239009187,24.917039342101205,0.7093499896836412,163.98498808254436,25.982762682550966,0.7622697220621806,45.60784430754751,1.065723340449761,0.05291973237853942,68,100,160
335.6554745842317,22.871866258899978,0.7261042497867173,275.2708183205615,23.73320186939491,0.7605102981361078,60.384656263670195,0.8613356104949332,0.03440604834939054,69,100,160
158.56037038338957,26.128857092509637,0.7116055936960001,119.30831155871141,27.364096612181157,0.7699945076323834,39.25205882467816,1.23523951967152,0.058388913936383346,70,100,160
251.43696942667322,24.126512273843357,0.6517779314469903,226.91145638045245,24.572239376263852,0.6903538079485064,24.525513046220766,0.44572710242049496,0.03857587650151617,0,200,320
247.66763236626673,24.192111084332296,0.6946596800963135,232.5358850407371,24.465903779533523,0.7116840315131377,15.13174732552963,0.2737926952012266,0.017024351416824235,1,200,320
315.46790110708815,23.14125184550071,0.7288249088022006,276.23760103717507,23.717975671049988,0.7531060566046034,39.230300069913085,0.5767238255492764,0.02428114780240276,2,200,320
396.2926250429634,22.150643706254385,0.46431066006944666,350.6506967390795,22.682056546938906,0.49690686803113443,45.6419283038839,0.5314128406845207,0.03259620796168777,3,200,320
297.40008585352615,23.397392713097247,0.639361332152861,261.9009197336661,23.949433373011942,0.6621487219700564,35.499166119860035,0.5520406599146952,0.022787389817195414,4,200,320
481.6101111140404,21.3038476477151,0.5666836737154265,410.1500210422916,22.001376226999234,0.6151993190118685,71.46009007174882,0.6975285792841355,0.048515645296442034,5,200,320
316.9372759069179,23.121070400473037,0.5067700703438048,298.62367643497686,23.379561229932236,0.5205413154244528,18.313599471941018,0.2584908294591983,0.013771245080647976,6,200,320
1135.561808680165,17.578695830006822,0.5613480604863286,1036.4188033624703,17.9754507723872,0.5789280037143039,99.14300531769481,0.39675494238037956,0.017579943227975292,7,200,320
294.9001693391842,23.434053389330938,0.8116697313622095,269.78972123113516,23.820549614832306,0.8257022928720178,25.110448108049013,0.386496225501368,0.01403256150980825,8,200,320
356.7200508627828,22.607528396026538,0.537040664597123,298.49513427520776,23.381431047145856,0.5796713746958531,58.224916587575024,0.7739026511193181,0.042630710098730096,9,200,320
574.5413736124781,20.537590525004966,0.5620433299975686,509.72200496422323,21.05746978155696,0.5920196293431642,64.81936864825485,0.5198792565519952,0.029976299345595647,10,200,320
372.8436691995532,22.41553587599862,0.5691617306887479,336.927264829201,22.855442044853007,0.6012111565907481,35.916404370352154,0.43990616885438527,0.03204942590200022,11,200,320
564.0609953052743,20.61754291472877,0.5547216414570043,509.0434686875078,21.063254912913383,0.5799837291507361,55.01752661776652,0.4457119981846134,0.02526208769373184,12,200,320
569.9722598151793,20.572266415153486,0.5691431468615916,500.51352101495127,21.13664546739152,0.5998293213064243,69.45873880022805,0.564379052238035,0.03068617444483268,13,200,320
431.3024368047744,21.782984490055725,0.7679779913494712,382.5927564718473,22.303436174821364,0.7845295642335183,48.70968033292712,0.5204516847656393,0.016551572884047072,14,200,320
343.19119301981783,22.775442264230932,0.5718772092054142,317.2876904791198,23.116271373672234,0.5994571119300999,25.903502540698014,0.3408291094413016,0.02757990272468569,15,200,320
278.271271510983,23.686119884119464,0.6870518124192723,249.4755694600675,24.16052338235852,0.705321648203737,28.79570205091551,0.4744034982390559,0.018269835784464727,16,200,320
846.8052236878593,18.85296832479658,0.4945131451393469,741.5145885084677,19.429606611388405,0.5301084863594604,105.29063517939164,0.5766382865918231,0.035595341220113486,17,200,320
434.0819176167432,21.755086658903764,0.6304655695500951,395.7559699568804,22.156528859759057,0.6462491334973914,38.325947659862834,0.4014422008552927,0.015783563947296297,18,200,320
682.1307191337411,19.79212752841139,0.4503229741992656,619.876454896263,20.20775220246014,0.4704066935707634,62.25426423747808,0.41562467404875036,0.020083719371497832,19,200,320
427.2290037231674,21.824196324622214,0.5973196299014588,366.4595011561055,22.49054374786461,0.6290877058305271,60.76950256706192,0.6663474232423958,0.031768075929068273,20,200,320
495.88473987138326,21.176996171495457,0.46864651204398644,449.58051996430135,21.602728756007075,0.4917758814409037,46.304219907081915,0.4257325845116178,0.023129369396917232,21,200,320
540.1652615688664,20.805537099206983,0.5330010344840727,481.8005100436664,21.302131054525084,0.5604575725633948,58.364751525200006,0.4965939553181009,0.027456538079322135,22,200,320
218.9680064406012,24.726996964448258,0.7506527491598871,193.08516208423165,25.273314598100853,0.7749603638864756,25.88284435636953,0.5463176336525954,0.02430761472658849,23,200,320
406.08167497129267,22.044669691085165,0.6221011783987951,354.5564332534605,22.63394991024422,0.6579824861045012,51.52524171783216,0.589280219159054,0.03588130770570608,24,200,320
343.28555951990376,22.774248258742173,0.7465388222433548,305.80313923161947,23.27638421505239,0.7689194448782786,37.48242028828429,0.5021359563102159,0.022380622634923797,25,200,320
704.3902306401153,19.652670368669803,0.6024116558350774,612.1939652562961,20.261913166729254,0.6381977129333863,92.1962653838192,0.6092427980594515,0.035786057098308954,26,200,320
504.5546953115236,21.101721088590306,0.5007492783538566,440.05869591008155,21.69569753450491,0.5286546300810467,64.49599940144202,0.5939764459146026,0.02790535172719011,27,200,320
390.35315763752186,22.21622664066128,0.5289786737630333,353.90499173443163,22.64193672580692,0.5512546217808617,36.44816590309023,0.4257100851456421,0.022275948017828395,28,200,320
130.78617016134703,26.96518538440534,0.8168679702616776,116.66288637748407,27.461476436829923,0.8346832384150095,14.12328378386296,0.4962910524245814,0.017815268153331898,29,200,320
416.52133082974,21.934431135298176,0.6549000904128609,363.57966826412326,22.52480771817387,0.6915751699948817,52.94166256561675,0.5903765828756953,0.036675079582020764,30,200,320
650.1222137271903,20.000853553663127,0.5959627905315092,573.3289242165042,20.54676508556428,0.6240498873648267,76.79328951068612,0.5459115319011545,0.02808709683331745,31,200,320
294.8356459104721,23.435003718899885,0.7604574299838952,260.3393760350269,23.97540501243391,0.7817013484952694,34.49626987544525,0.5404012935340248,0.021243918511374194,32,200,320
533.4467030732486,20.85989325518751,0.5378183022550833,478.3726753394107,21.33313996092045,0.5635757895813164,55.07402773383791,0.47324670573294014,0.025757487326233064,33,200,320
204.99861235607267,25.013294395591814,0.7207057839962822,178.42946658034933,25.616137837173856,0.761548083833964,26.569145775723342,0.6028434415820421,0.04084229983768184,34,200,320
381.64137258721564,22.314249117321513,0.6192184650408185,315.6021178505031,23.139404519842003,0.66344738799688,66.03925473671256,0.8251554025204904,0.04422892295606151,35,200,320
332.2740039575131,22.915839960545497,0.6509363279366217,300.6656058861783,23.34996610280416,0.6745502088440626,31.60839807133482,0.43412614225866264,0.023613880907440876,36,200,320
571.3812728975284,20.56154358651332,0.4896874096640831,529.5648312515623,20.891612252605405,0.503507510070488,41.816441645966165,0.3300686660920853,0.013820100406404912,37,200,320
447.4412496533636,21.623443416101132,0.6080965507696398,400.53592910261216,22.104388813686718,0.6265718267067624,46.90532055075147,0.48094539758558597,0.018475275937122615,38,200,320
384.8762620492751,22.277592348575652,0.6182448521210868,325.97699726010813,22.998934059394465,0.6627540240131867,58.89926478916698,0.7213417108188125,0.04450917189209991,39,200,320
336.8986934494516,22.855810341515387,0.6527567762257523,312.3251218353565,23.184734428058977,0.7230459313408052,24.5735716140951,0.32892408654359073,0.07028915511505285,40,200,320
382.1892737040682,22.3080186662747,0.6633255758105406,326.62479250640547,22.99031214024918,0.701790010158581,55.56448119766276,0.6822934739744788,0.038464434348040366,41,200,320
380.44197514861423,22.327919331237617,0.6786124704796704,342.30882101651355,22.78662270174566,0.7111087888944961,38.133154132100685,0.45870337050804366,0.0324963184148257,42,200,320
283.183031930579,23.610131336004958,0.6141810991836727,258.56534217402515,24.005100487971923,0.6389173367705402,24.61768975655383,0.3949691519669649,0.024736237586867493,43,200,320
242.98741893103207,24.274965729909056,0.579797855543918,215.58821638994345,24.79455341350795,0.6018049145967722,27.399202541088613,0.5195876835988926,0.02200705905285416,44,200,320
315.222226127984,23.14463529130256,0.7716585516542288,293.9723920008046,23.44773814689431,0.8031592811117124,21.24983412717944,0.30310285559174943,0.03150072945748361,45,200,320
185.03135020720066,25.458350429054242,0.8348489174927121,177.9893458141951,25.62686354022982,0.8438883561321612,7.042004393005556,0.168513111175578,0.009039438639449116,46,200,320
800.9078586856331,19.094978057901212,0.5540419418836587,723.405885543604,19.536983230600697,0.5761267501283251,77.5019731420291,0.4420051726994849,0.02208480824466641,47,200,320
507.1593348194757,21.07935937310331,0.5548324397936173,455.3480893013373,21.547368423072655,0.5811862130613142,51.81124551813838,0.46800904996934634,0.026353773267696945,48,200,320
473.84155606037524,21.37447215041952,0.5264985088595466,410.13203793861703,22.00156664839415,0.5650732019589528,63.70951812175821,0.6270944979746282,0.0385746930994062,49,200,320
524.951299300478,20.92961345892658,0.6264727204876562,472.17863001499813,21.38974033094663,0.6506358289010483,52.77266928547988,0.46012687202005154,0.024163108413392087,50,200,320
314.3589110687336,23.156545851490115,0.6591905670875866,285.14858616305776,23.58009138280486,0.6808156071852788,29.21032490567586,0.42354553131474404,0.021625040097692172,51,200,320
487.4548325502281,21.25145980593304,0.7021474003503222,423.76867857338146,21.859515067126555,0.7208839153227187,63.68615397684664,0.6080552611935133,0.01873651497239648,52,200,320
209.89100849698474,24.91086526591296,0.8237986925110424,191.39136428747187,25.311580226564914,0.8386773230457151,18.499644209512866,0.40071496065195333,0.014878630534672643,53,200,320
380.42420185758033,22.328122227422405,0.6437065145384112,333.99244552438756,22.893437171227422,0.6874634632314499,46.431756333192766,0.5653149438050171,0.0437569486930387,54,200,320
496.7401273327162,21.169511165657376,0.5488842589420767,440.0759100669057,21.695527651096857,0.5805203041568379,56.66421726581052,0.5260164854394809,0.031636045214761155,55,200,320
480.36708033566117,21.315071234160587,0.6594168301125273,423.7710435121391,21.8594908303899,0.6884435759371366,56.59603682352207,0.5444195962293108,0.02902674582460929,56,200,320
367.72212750749907,22.475605967448598,0.6215762091853465,319.5871899069257,23.08490997811163,0.6603696904353176,48.13493760057338,0.6093040106630312,0.03879348124997106,57,200,320
761.4660695489235,19.31429804654779,0.6699215334401735,694.2641338533855,19.715556309734488,0.6857620173963098,67.20193569553805,0.40125826318669766,0.015840483956136353,58,200,320
479.0235969039026,21.327234533975222,0.5802724066620825,427.17557436668073,21.824739488254977,0.6120444739261516,51.84802253722188,0.49750495427975494,0.031772067264069115,59,200,320
546.8583460758812,20.752055162249093,0.5065525742838184,461.4230838332708,21.489810434816235,0.5470285403757121,85.43526224261035,0.7377552725671421,0.040475966091893745,60,200,320
298.50020248933725,23.38135730796251,0.6207000236584441,270.94779644243687,23.801947375246,0.6435127055689921,27.552406046900387,0.42059006728349146,0.02281268191054797,61,200,320
227.3186685404559,24.564452572539114,0.8828820465887119,202.9022043631265,25.057935955618117,0.8955533574701257,24.416464177329402,0.49348338307900264,0.012671310881413711,62,200,320
366.52644127491874,22.489750506886402,0.5968104700304084,326.8343217351737,22.98752704202385,0.6275541416685712,39.69211953974502,0.49777653513744724,0.030743671638162717,63,200,320
445.23307621215315,21.644929404190123,0.6679455651471639,406.5506695696241,22.039656802044256,0.6900672598248713,38.68240664252903,0.39472739785413324,0.022121694677707415,64,200,320
522.4368515214895,20.950465573636002,0.5928299391176718,463.7876560595941,21.467611753769468,0.6392816614519928,58.64919546189543,0.5171461801334658,0.046451722334321044,65,200,320
329.99662456743687,22.94570863230124,0.7050521001922506,304.61765179743156,23.293252949076066,0.7358524641134133,25.378972770005305,0.347544316774826,0.0308003639211627,66,200,320
561.7881059545291,20.635078206855066,0.6400307790623513,501.427651011397,21.128720816035987,0.6610029086438076,60.36045494313208,0.4936426091809203,0.020972129581456334,67,200,320
437.6434290928478,21.719599486405244,0.5864486189581358,387.1049756475753,22.252516073159452,0.61534032132369,50.53845344527247,0.532916586754208,0.02889170236555416,68,200,320
676.7517060855674,19.826510015711165,0.5418250185966929,611.6807536509108,20.265555450990682,0.5662258711453104,65.07095243465665,0.43904543527951745,0.02440085254861757,69,200,320
277.86643002632485,23.69244279491667,0.5868729639605604,251.8737811582146,24.118973989709836,0.6248966358604181,25.99264886811025,0.42653119479316715,0.03802367189985767,70,200,320
