mse,psnr,ssim,L_dc_bits,L_ac_bits,L_total_bits,bpp,compression_ratio,entropy_dc,entropy_ac,entropy_bpp_est,num_dc_symbols,num_ac_symbols,image_idx,q_y,q_c
6.690879704490063,39.87597139110704,0.9738829775422388,851008,16375511,17226519,6.307751203951069,3.8048425221601647,6.620121507841322,4.706675040948925,6.2519980557357195,128016,3447609,0,1,1.6
6.282646187781215,40.149377581026116,0.9915277638796742,705591,14475358,15180949,5.558734723589239,4.3175292927998115,5.469391591993553,5.493039121916342,5.531870211262582,128016,2622849,1,1,1.6
6.704833160503375,39.866923852983746,0.9895030316727652,747151,16012271,16759422,6.136716553008998,3.9108861868863976,5.809535012484381,4.99746542970717,6.092580783637405,128016,3180647,2,1,1.6
6.98204362638264,39.690978027492385,0.9867961946373552,955367,25033547,25988914,9.516235031167978,2.522005806014057,7.433808713422516,5.3020176395984855,9.475709836084361,128016,4701341,3,1,1.6
6.478224523692351,40.01624365061787,0.9886230630574628,772596,16373463,17146059,6.278289554625984,3.8226972157275325,6.012197060586685,5.219053234068715,6.250600951753357,128016,3123322,4,1,1.6
6.872106562851519,39.759904755715624,0.9881650061336931,962868,19749207,20712075,7.5840403982705284,3.164540105228472,7.491233011173939,5.4035134440122725,7.553940661306193,128016,3640386,5,1,1.6
5.957765411159542,40.3799696213066,0.9900126733981653,663629,17911440,18575069,6.801543239712223,3.528610956976795,5.1589536350815575,5.884818139987067,6.766055398953648,128016,3027744,6,1,1.6
5.993686214027934,40.35386358174751,0.9953734088670764,1106628,40800318,41906946,15.34486387443757,1.5640412450957415,8.611923203071763,5.909586373598605,15.269149697856617,128016,6869805,7,1,1.6
6.227666487978065,40.18755014246892,0.9891675334176045,700596,11981992,12682588,4.643921951162355,5.168045512477422,5.44147277840948,5.2202381842321035,4.619056863496814,128016,2283054,8,1,1.6
6.056946006749157,40.30826658605535,0.9672063112509127,987951,25849743,26837694,9.82702870149044,2.442243808279504,7.688897806831178,5.2130729557742,9.779144847941497,128016,4934253,9,1,1.6
6.773538561586052,39.82264753292508,0.9947275095569665,961339,27230602,28191941,10.32290678020716,2.3249265454975236,7.4822728343833855,5.7142873456158885,10.293972499755448,128016,4752136,10,1,1.6
6.845818100862393,39.7765500548195,0.9936077464274821,927577,23528031,24455608,8.95479178383952,2.6801293183960095,7.21752336818747,5.444098572981316,8.921050230643802,128016,4305488,11,1,1.6
6.8930557264326335,39.74668571335807,0.9961041867110548,952631,26009541,26962172,9.872608209130108,2.4309685436321673,7.414961147384674,5.907988009753473,9.836398120309056,128016,4386273,12,1,1.6
6.62411925071866,39.91952218633523,0.9888050332653808,1029940,24719968,25749908,9.428719359298837,2.545414608859962,8.017457042093465,5.871545747431936,9.397762680475182,128016,4196340,13,1,1.6
6.6163149284073866,39.92464191951233,0.9912748828603783,789216,17150321,17939537,6.568833558891076,3.6536167014789735,6.130144049207159,5.834318703519534,6.530311723374704,128016,2922291,14,1,1.6
6.67556789776278,39.885921433595946,0.9943743186234385,875627,20507095,21382722,7.829607968925759,3.065287571900341,6.803364280447217,5.542656581335443,7.801762389020259,128016,3686993,15,1,1.6
6.039400714559117,40.32086514841589,0.9943998087871787,681688,15203034,15884722,5.81643188156168,4.126241050992268,5.2996905244923225,5.621603732974684,5.793041239774428,128016,2693608,16,1,1.6
5.800348808937946,40.4962624984945,0.9614713803658788,1120277,36079583,37199860,13.621292943850769,1.761947276145663,8.723787713818878,5.952761361805982,13.557385819714325,128016,6032250,17,1,1.6
7.085652745555243,39.62700496300697,0.9893323430952762,814133,23114632,23928765,8.761880228838583,2.739138104285783,6.329583015007407,5.43615130362631,8.728085461388481,128016,4235751,18,1,1.6
6.908016380764904,39.73727002142239,0.9928088647524591,963685,29640289,30603974,11.206109246109861,2.141688919223366,7.501623350109606,5.9479188274393735,11.14447049394395,128016,4955567,19,1,1.6
4.159225824311024,41.94067859933213,0.9955815099070545,874145,19055713,19929858,7.297619779949382,3.288743552513018,6.794140879307533,5.721805727262144,7.275814565271775,128016,3320726,20,1,1.6
6.088885129593176,40.285425799574824,0.9733656020966013,900820,25202578,26103398,9.558155084130108,2.510944820287382,7.010563537778237,5.552238085299261,9.531203183658635,128016,4526522,21,1,1.6
6.895694312624984,39.745023599774015,0.9947982490895426,962925,28355815,29318740,10.735501324053244,2.2355732886201793,7.49166011871983,5.838097759752722,10.69654977332328,128016,4839472,22,1,1.6
6.8816394288604545,39.75388447328513,0.9888940162753398,783334,18585730,19369064,7.092276551368579,3.3839627975827846,6.088245058816315,5.113982824654509,7.055594554964931,128016,3615478,23,1,1.6
6.792149638521748,39.810731155418495,0.990198124034564,918304,18486326,19404630,7.105299581692913,3.377760462322652,7.143977188509664,5.600018781931725,7.0743629877303915,128016,3286703,24,1,1.6
6.848738268068054,39.77469791373699,0.9810583388196165,759686,16321946,17081632,6.254698631421072,3.837115329495449,5.908340438702476,4.942445600587597,6.206765047039279,128016,3276589,25,1,1.6
7.231336195280277,39.53861807885968,0.9926860847258144,1021252,26366897,27388149,10.028586148411136,2.39315888050704,7.950439047220881,5.716005615885361,9.989877292807185,128016,4594931,26,1,1.6
6.820729928290214,39.792495071988576,0.9934298426599835,983974,23524985,24508959,8.974327061656355,2.6742952240443993,7.658644403202088,5.817161780731521,8.938567494282575,128016,4027887,27,1,1.6
5.499679849589114,40.727429520288794,0.9673097228307636,837317,18325120,19162437,7.016616941437008,3.4204517932661695,6.508734990456859,5.34216324258915,6.9822043911151015,128016,3413455,28,1,1.6
3.0443214861814147,43.295898480182956,0.9928505487122011,560146,11863858,12424004,4.549237497656543,5.275609376816041,4.352394632533624,4.839196009330042,4.517671564024579,128016,2434417,29,1,1.6
6.468709965941757,40.02262681518243,0.9834757032049227,900706,16194094,17094800,6.259520294338207,3.8341596274890613,7.009001796148737,5.124547835765048,6.218879385707905,128016,3139115,30,1,1.6
6.833604539666917,39.78430518276669,0.9920429144143696,874590,21384083,22258673,8.150350712996813,2.9446585607327083,6.803039914854495,5.630128080026318,8.123600153204315,128016,3785832,31,1,1.6
5.790458321616048,40.50367420858748,0.9937748221293846,741998,16397032,17139030,6.275715779668166,3.8242649671539173,5.7764803861377,5.716873390459311,6.248513341040727,128016,2855627,32,1,1.6
6.3044521778527685,40.13433006116163,0.9788818502371646,879052,24615482,25494534,9.335210295978628,2.570911553041134,6.838569849348428,5.6369704904705795,9.3075097242443,128016,4354012,33,1,1.6
6.3368239858689535,40.11208716710555,0.9899231583709368,860089,15251484,16111573,5.8994968158277095,4.068143563635903,6.69581097084448,4.928966010225835,5.842036363566666,128016,3063011,34,1,1.6
6.800831170517748,39.80518367174887,0.987508750890711,997397,18442769,19440166,7.118311627062242,3.37158602452263,7.76181826480253,5.397733812571578,7.08827911208908,128016,3402263,35,1,1.6
6.750894419447569,39.837190449706135,0.9828708629051972,815600,21495904,22311504,8.169695584926885,2.9376859578807415,6.341691661790247,4.828325828661028,8.099829087302972,128016,4413302,36,1,1.6
6.862105127484065,39.766229937032065,0.9926972365678374,872747,27094754,27967501,10.240724670158418,2.343584147900808,6.789518409309525,5.9344421333765744,10.199062845418977,128016,4547109,37,1,1.6
7.062627425478065,39.64114064333124,0.9907373898699386,819218,21772461,22591679,8.272285910550243,2.9012536872536123,6.375818310272537,5.652875670473541,8.249584879992751,128016,3841138,38,1,1.6
6.643718241274528,39.906691550377445,0.9910800452106927,935190,16868487,17803677,6.519086359322272,3.681497479425177,7.275872408513055,5.311699669989957,6.488421608320816,128016,3160665,39,1,1.6
6.171311105643045,40.2270292042364,0.9007783132734909,663394,18984559,19647953,7.194395988587364,3.3359298039851786,5.159593654687745,4.790848194642883,7.134183992006124,128016,3928950,40,1,1.6
7.015024855291526,39.67051146729928,0.9880436746308803,904229,19672502,20576731,7.534482139927822,3.185354952640436,7.036999766231364,5.137769907456033,7.491835078187386,128016,3806985,41,1,1.6
6.767129572670604,39.82675868711749,0.9961658281751954,921343,21392475,22313818,8.170542891122984,2.9373813123330126,7.164788067745688,5.7897045106434675,8.13201246579044,128016,3677456,42,1,1.6
6.144296538128047,40.2460819327074,0.9883897433662118,810887,19303671,20114558,7.365250486267342,3.2585449802078674,6.304991716502167,5.68220641714972,7.336561929792901,128016,3384085,43,1,1.6
0.7530700508139607,49.36244984578301,0.9980787715108907,512014,15013558,15525572,5.684923661886014,4.221692572743858,3.9209625989394317,5.715144962481634,5.655330389614526,128016,2614598,44,1,1.6
6.753855719206974,39.835285821849745,0.9875518741562946,800821,11761710,12562531,4.5999612597253465,5.217435244537905,6.22927069370307,4.730701587138653,4.552820623773125,128016,2459750,45,1,1.6
5.975659170533371,40.366945419029065,0.9888168068135151,592551,14218623,14811174,5.423335999015748,4.425320504640617,4.594922747468062,4.735778973024413,5.381735635788806,128016,2979307,46,1,1.6
6.742245476151418,39.84275800313151,0.9865462669718909,1059641,32533384,33593025,12.300595604260405,1.9511250326518674,8.248028856996708,6.127689603936935,12.223376316125899,128016,5275440,47,1,1.6
7.012525900082802,39.67205882576274,0.9916069855670065,927766,23786233,24713999,9.04940556746813,2.652107900465643,7.216869316443459,5.693411757696953,9.015104070626187,128016,4162082,48,1,1.6
6.638269703591739,39.9102546766092,0.9857774859614034,983361,25456873,26440234,9.68149269427259,2.4789565780696194,7.6555026451301655,5.403289311144388,9.643895403467647,128016,4692980,49,1,1.6
6.9073436132983375,39.73769299874428,0.9921976711786563,924740,23166315,24091055,8.821305173767342,2.720685831317889,7.192001497257287,5.902805863257276,8.790596985542921,128016,3911106,50,1,1.6
6.311152878351144,40.12971660423741,0.9891858284778295,720077,19434050,20154127,7.379739275754593,3.2521474137778332,5.59253123886011,5.423115394584161,7.3463342653162895,128016,3567500,51,1,1.6
7.284652162620297,39.50671541544489,0.9897372316462251,775969,20253277,21029246,7.700177370406824,3.116811320767278,6.034996419002854,5.643649297193098,7.659347863531031,128016,3569528,52,1,1.6
6.2086953486282965,40.20080010678179,0.9889983931290979,670521,13728555,14399076,5.2724400660854895,4.551972084875446,5.204352712341711,5.023248416262736,5.240912783122698,128016,2716715,53,1,1.6
6.806894865680852,39.801313180064106,0.9911523442091678,950095,17206896,18156991,6.648457639084177,3.6098598055151316,7.390924394849548,5.420294169780592,6.61596897812643,128016,3158889,54,1,1.6
7.216046846683227,39.54781016878651,0.992142246337651,921915,25331146,26253061,9.612956461497001,2.4966304691098684,7.1755107542000705,5.279775077160057,9.56466235664711,128016,4773421,55,1,1.6
6.510111162862454,39.9949195647705,0.9879908550916996,862990,20733601,21596591,7.907919346995688,3.0349323187164123,6.714611467143498,5.708656998323828,7.874855876065381,128016,3616738,56,1,1.6
6.8734422113251465,39.7590607519247,0.9811910911608503,887098,16943248,17830346,6.5288516181571055,3.6759910323669547,6.901558136092149,5.061511905956957,6.490057900923661,128016,3327245,57,1,1.6
6.753841804930634,39.83529476918281,0.991584286519159,881644,27772662,28654306,10.492208737579677,2.2874116022911184,6.858105508348663,5.9462309255599015,10.46027721419301,128016,4656589,58,1,1.6
6.9116918246547305,39.73495995088572,0.9928648799345714,972985,23662945,24635930,9.020819419056993,2.6605121868750237,7.5682981425886435,5.697614149687293,8.99572025440797,128016,4141825,59,1,1.6
7.207149887514061,39.553168066670274,0.9907962114437989,934641,23918830,24853471,9.10047535561961,2.637224876959842,7.273340702872102,5.333880118736094,9.062997672753038,128016,4465795,60,1,1.6
6.992814252710598,39.68428368462677,0.9772019560649309,828130,22117850,22945980,8.402018595331834,2.8564564250470017,6.445216758897432,4.890629819724407,8.34646750184245,128016,4492096,61,1,1.6
4.2647839186117364,41.8318332895918,0.9920857316637107,436925,9663447,10100372,3.6984043986689166,6.4892849491088045,3.387574985636827,5.270390961520919,3.6762134117996705,128016,1822655,62,1,1.6
6.461592813593613,40.02740774004786,0.9920272370108587,871133,20640838,21511971,7.87693445057649,3.0468706005600326,6.773922764107835,5.855389286114581,7.850782269578301,128016,3513580,63,1,1.6
6.8058818087192225,39.801959580221286,0.9893498388866256,784421,18217730,19002151,6.957925791502625,3.449303818288782,6.095845432869024,5.6241301943704585,6.9209448524319,128016,3221972,64,1,1.6
6.9995852569210095,39.68008053134626,0.9870650257069981,982286,22414983,23397269,8.567264907316273,2.80136079129577,7.643963453925856,5.398204807538404,8.530233976369274,128016,4134261,65,1,1.6
6.429813460817398,40.04881987339148,0.9897992084039805,868138,16044255,16912393,6.192729204747844,3.875512590087044,6.750417063692453,5.278111457854925,6.159600822378003,128016,3023384,66,1,1.6
5.068244032972441,41.08222843128921,0.9909771865216928,831402,22675643,23507045,8.607461054672854,2.7882786628434157,6.47157937577903,5.912531955457344,8.577476780989024,128016,3821830,67,1,1.6
6.702850254069804,39.868208437802586,0.9860794839149024,883846,21291780,22175626,8.119941794385078,2.955686211518899,6.874089830992993,5.7172749952579816,8.091769665982378,128016,3711330,68,1,1.6
6.790457589285714,39.81181319752984,0.9962683653831919,1001587,27985741,28987328,10.614149793775779,2.2611325886953084,7.7960104206394085,6.086127761810396,10.5592397927953,128016,4574231,69,1,1.6
6.888611091582302,39.749486942675226,0.9929058865956802,917120,18473203,19390323,7.100060856650731,3.380252716780427,7.136508464981937,5.196347186407718,7.067805595008894,128016,3538764,70,1,1.6
7.167870739790339,39.57690195896591,0.969008797612071,725163,8895441,9620604,3.522730068897638,6.812897818057992,5.630485744178113,4.787754599955622,3.4930312564329227,128016,1841929,0,2,3.2
6.502951047134733,39.999698761263936,0.9906237171974479,580479,8654081,9234560,3.381374203224597,7.097706008732414,4.523072739631903,5.053162716783592,3.3643858573597156,128016,1703713,1,2,3.2
7.0585507866204225,39.64364817037067,0.9872171443225991,623413,9850432,10473845,3.8351572020294338,6.257892111254272,4.833463492606721,4.806354804266013,3.805648676264575,128016,2033661,2,2,3.2
7.7765562507811525,39.22293043105465,0.983091731266598,827979,17060994,17888973,6.550318783394263,3.6639438161151006,6.4395616217947484,4.947321288284805,6.504137732458219,128016,3423769,3,2,3.2
6.799454023325209,39.80606319364125,0.9871430583975402,649903,10961664,11611567,4.251751367993063,5.644732704896764,5.039180506459122,4.467763366538358,4.201196814183526,128016,2423675,4,2,3.2
7.233253680204037,39.53746664195954,0.9865781991865511,836107,12934251,13770358,5.042225434711286,4.759803049419631,6.501416033923851,4.854907267253777,5.002894851924354,128016,2642823,5,2,3.2
6.019739231814773,40.33502682340451,0.9894682463398201,544814,11669579,12214393,4.472485250867079,5.366144023694014,4.216327815459915,5.470023133351782,4.449452256809311,128016,2122794,6,2,3.2
7.06659482506093,39.63870169834039,0.9949176956486432,979429,32058163,33037592,12.097215387139107,1.9839276421840915,7.6191725976229945,5.492265604935672,12.056623601621478,128016,5817519,7,2,3.2
6.522212067241595,39.986854452487066,0.9880701187747686,575479,6789641,7365120,2.6968503937007875,8.899270072992701,4.479629755613284,5.185964395823866,2.6804028802368953,128016,1300961,8,2,3.2
6.785813516474503,39.81478440406869,0.9655721940874148,861815,17260167,18121982,6.63563856275778,3.6168335229557123,6.702642374356894,4.9160672284374884,6.589541296547365,128016,3486129,9,2,3.2
7.568303595839582,39.34081815783727,0.9928956962074221,835169,19359985,20195154,7.3947619340551185,3.245540588598631,6.497710947363463,5.391816569176406,7.3681531286335975,128016,3577769,10,2,3.2
7.459111068147732,39.40393286907488,0.9911535657171909,801293,15562623,16363916,5.991896032527184,4.005409951994376,6.2266538010438754,5.135284378875909,5.956328443050497,128016,3012427,11,2,3.2
7.471439971370766,39.39676049366757,0.9948289842676409,825442,18058066,18883508,6.9144828576115485,3.470975414102083,6.423965405032331,5.5045030295677595,6.8947589811639975,128016,3271371,12,2,3.2
7.1718468052821525,39.574493566552874,0.9875383143576908,903747,17593139,18496886,6.772915348472066,3.543525758876386,7.030666445320897,5.462582596595768,6.749182353196547,128016,3209477,13,2,3.2
6.963301828482377,39.70265140530272,0.9905702478559902,665427,10938027,11603454,4.2487806699943755,5.648679436312671,5.178081859165207,5.72398975317759,4.234916034574185,128016,1904740,14,2,3.2
7.161332372515935,39.580865301522714,0.9925310607048147,748783,13311785,14060568,5.148490227784027,4.661560756293771,5.823430251750757,5.196777173887894,5.12275481259058,128016,2548655,15,2,3.2
6.479569814515373,40.01534187309641,0.9936011790914581,573023,9759490,10332513,3.7834063466676042,6.3434899138283205,4.427641975969657,5.192905060217972,3.7678545065716698,128016,1872407,16,2,3.2
6.531139296064555,39.980914143806096,0.9652511733828245,993325,27235349,28228674,10.336357125281214,2.3219011987598144,7.731918881900237,5.504244476599815,10.304759060581171,128016,4933024,17,2,3.2
7.565811353658917,39.34224852497803,0.9870271059516779,690040,15461740,16151780,5.9142192186914135,4.0580166396521005,5.3548257008897755,5.140097685382534,5.8803860482919506,128016,2990970,18,2,3.2
7.618843054774403,39.31191333501418,0.9911587213662507,836616,21400489,22237105,8.142453262678103,2.947514615773951,6.508269740490534,5.429586122618882,8.116347908818945,128016,3928964,19,2,3.2
4.584089464402887,41.518272760103756,0.9947731614940439,779180,13220401,13999581,5.126158912753094,4.681868121624497,6.044719414207222,5.3509168887665215,5.107057291052934,128016,2461932,20,2,3.2
6.662789343714848,39.89424278397983,0.9719370187714284,774225,17495491,18269716,6.689733607517811,3.587586802115588,6.019355990535614,5.205874231902153,6.655495458729602,128016,3343461,21,2,3.2
7.6546062845659915,39.29157503238955,0.9927809149013412,836583,19834519,20671102,7.569037512889014,3.170812663978921,6.500998599919712,5.451407856919993,7.546258696922356,128016,3627808,22,2,3.2
7.339794073592364,39.47396485414656,0.9852162832549549,658625,10886726,11545351,4.227505375304649,5.677106915155719,5.121298365697515,5.164547830735841,4.207384534573673,128016,2097917,23,2,3.2
7.397019464363829,39.44023599370993,0.9885865442562842,798295,12263273,13061568,4.782691226096738,5.018095224095607,6.197202692107652,5.389370877838984,4.7599505830365025,128016,2264851,24,2,3.2
7.139473044385077,39.594142026437346,0.9775604304728028,635614,9122475,9758089,3.5730722868625797,6.7169086078227,4.947670090198141,5.041613161490433,3.550506641535246,128016,1797655,25,2,3.2
7.965312685523685,39.11877531775073,0.989670307105294,894550,17895364,18789914,6.880211994985002,3.4882646083425395,6.960938725120066,5.531562782247042,6.854979326100342,128016,3223301,26,2,3.2
7.463295969839708,39.401496962112745,0.9912871638373311,857560,16106319,16963879,6.2115815845284965,3.8637502660800633,6.667609051259973,5.287461716330029,6.185483591663037,128016,3033411,27,2,3.2
5.79619454306493,40.49937407194776,0.9664357768917817,710967,11324236,12035203,4.406872114618485,5.446039589028951,5.52792834931469,4.956086179483471,4.382297422343507,128016,2272040,28,2,3.2
3.303130321600425,42.94154652197563,0.9907361612262008,469581,7417039,7886620,2.8878055282152233,8.310808939697868,3.654527068952365,4.587424397466899,2.8601670854887846,128016,1600746,29,2,3.2
6.756417776879452,39.83363864938779,0.981389523484129,774339,10133113,10907452,3.9939289815335584,6.009120370183614,6.022421253882479,4.777718834673845,3.9694960180041026,128016,2107650,30,2,3.2
7.425277528785465,39.42367670290431,0.9905975498291945,750734,14601917,15352651,5.621606015068429,4.269242621355751,5.8277530677109315,5.356489992972033,5.596132545211441,128016,2713911,31,2,3.2
6.399409668517998,40.06940447748071,0.9926676028056364,634029,10651427,11285456,4.132340879265092,5.807846133997598,4.909501206052119,5.488729847474942,4.117205392151455,128016,1934077,32,2,3.2
6.83242622015998,39.78505410199575,0.9783989212013448,752652,17003535,17756187,6.501697175548369,3.691343867914885,5.852742540740976,5.337447634884484,6.47089869328311,128016,3170585,33,2,3.2
6.851240884928447,39.77311123584101,0.9880801404226474,738657,9555277,10293934,3.769280060695538,6.367263671983908,5.727282486049615,4.446702672219955,3.7353472438458826,128016,2129236,34,2,3.2
7.201739308953568,39.556429642897456,0.9854165778815204,870396,10927798,11798194,4.320087674587551,5.555442807602588,6.770960113640503,5.254813365654027,4.301199063935167,128016,2070448,35,2,3.2
7.494625183570804,39.38330442799996,0.9769869583892463,689061,13596233,14285294,5.230777061070492,4.588228425680283,5.362129220718831,4.7837974646384644,5.181805005094734,128016,2814733,36,2,3.2
7.449482999195413,39.40954227500517,0.9911818501514175,746583,18609890,19356473,7.087666165752719,3.3861639979556193,5.800504420715546,5.542435521825045,7.06692295468551,128016,3348215,37,2,3.2
7.710386055258717,39.260042373602566,0.9879188261472797,698275,15145277,15843552,5.801356861642295,4.136963226428013,5.407850866403679,5.230775450111753,5.776853928927123,128016,2883768,38,2,3.2
6.940170076396701,39.71710247425227,0.9893480229821044,808401,10193397,11001798,4.0284752003655795,5.957589114070264,6.289800028669113,5.078410465527091,4.0125806978419325,128016,1999286,39,2,3.2
6.271667701693539,40.15697321259127,0.9063523696069097,541914,10934512,11476426,4.202267441179227,5.711202424866418,4.193343406959156,4.398140280935683,4.163040979440983,128016,2462969,40,2,3.2
7.392975658316148,39.44261084600919,0.9849856394218008,778134,11810292,12588426,4.609443106721035,5.206702728363339,6.051653619764504,4.689660790494463,4.568695019166238,128016,2495369,41,2,3.2
7.308495617735283,39.49252369977622,0.9951419224979862,796668,14624062,15420730,5.646534173462692,4.250394890514262,6.191767765035402,5.161094970154035,5.617027236155074,128016,2818685,42,2,3.2
6.409394138232721,40.06263382028975,0.9885137466616367,687784,11884300,12572084,4.603459235564304,5.213470734048548,5.3415049705377795,5.313282652586639,4.586483701048957,128016,2228740,43,2,3.2
0.89541004640045,48.61058398057695,0.9972609125801227,461709,12197389,12659098,4.635320731392951,5.177635246997851,3.518791748847088,5.034241642929154,4.609030200229242,128016,2410857,44,2,3.2
6.933701768724222,39.7211520295088,0.9858225757472683,676779,6096234,6773013,2.480041435250281,9.67725766951872,5.253493148978836,4.801794246900337,2.4673929143635718,128016,1263265,45,2,3.2
6.336476495125609,40.112325326553616,0.9866436998176239,473048,8902899,9375947,3.4331451976706036,6.990674328683812,3.640097359248268,4.146360747227003,3.395823780692296,128016,2124280,46,2,3.2
7.498714394099175,39.38093548063818,0.9857362817521692,932817,23975442,24908259,9.120536812781214,2.6314240589838094,7.256478282937873,5.64871241556113,9.08593574126942,128016,4228365,47,2,3.2
7.572685616446382,39.33830433605777,0.9896773369065404,801287,15875234,16676521,6.106361094511623,3.9303276744591997,6.228817590204283,5.461081327610914,6.082588752316336,128016,2895802,48,2,3.2
7.234113313960755,39.536950536717185,0.9840546653448015,856686,17329131,18185817,6.6590127161839145,3.604137883934497,6.663463913344841,5.015712171165334,6.614839138391973,128016,3431646,49,2,3.2
7.33351446303587,39.47768208039158,0.9904086051506641,797904,15653918,16451822,6.024084147684665,3.984008093450075,6.2048825523778515,5.483043773268601,6.0034740811296246,128016,2845356,50,2,3.2
6.5912489698553305,39.941126444041615,0.987632752756936,600007,13303878,13903885,5.09111837094582,4.714091924667098,4.665025092020694,4.81814009764852,5.050440100539159,128016,2738732,51,2,3.2
7.697533657902137,39.267287643112894,0.9880263600806248,652342,12526013,13178355,4.825454557438133,4.973624705056132,5.073738648404505,5.497745933257014,4.809045890013986,128016,2270753,52,2,3.2
6.445814024223535,40.03802589852725,0.9870296717095384,546099,8120480,8666579,3.1733993455896137,7.562867885932847,4.2390778209450835,5.008343694800371,3.1543031006044147,128016,1611662,53,2,3.2
7.2512969570209975,39.52664670034515,0.9898366078549968,825021,10751491,11576512,4.238915448068991,5.661825599973464,6.419355275620258,4.991252882358254,4.217813944465759,128016,2143170,54,2,3.2
7.9784947535854895,39.11159397070344,0.9879096223463767,794932,16813694,17608626,6.447665477362205,3.722277479230918,6.183906187027224,5.007475051201638,6.403266473808584,128016,3334162,55,2,3.2
7.0292011838363955,39.66174387364968,0.9853017729947062,740776,13746023,14486799,5.304561173017436,4.5244081870674115,5.742376344429477,5.519928148161748,5.282757744465968,128016,2480492,56,2,3.2
7.281138075513998,39.50881094015567,0.9777087020633489,761380,9576992,10338372,3.7855517083802024,6.3398949080184,5.915369954721344,5.103552038472585,3.767685605495835,128016,1867781,57,2,3.2
7.4319693192647795,39.41976452737749,0.9905364914457446,759040,20078388,20837428,7.629940300431196,3.1455029862610684,5.882800982798726,5.707511672807841,7.601015720150214,128016,3505090,58,2,3.2
7.4327599919150735,39.41930251456562,0.9909939454479403,845790,15969541,16815331,6.157188481322647,3.897882949791473,6.574790057624602,5.279838704984997,6.124244341187965,128016,3008365,59,2,3.2
7.846712398254906,39.183926259520504,0.9878497347967222,807922,16097895,16905817,6.190321302610611,3.8770200813128404,6.2816557429406465,4.916497950484076,6.143067957568778,128016,3248779,60,2,3.2
7.771843827138795,39.22556295869309,0.9710748951446052,702024,13920601,14622625,5.354295922970566,4.482382062044263,5.461445990871509,4.8482339932426255,5.317715392011441,128016,2851259,61,2,3.2
4.957511902809024,41.178165952637784,0.991213941415768,350460,5716565,6067025,2.2215332214332584,10.803349582373569,2.705593263924844,5.515788947396458,2.2094742540220498,128016,1031173,62,2,3.2
6.812119554391638,39.797980995343416,0.9908075913597297,746350,14190723,14937073,5.469435827357517,4.388021133725463,5.796202896705952,5.375876937968297,5.448718264641164,128016,2629987,63,2,3.2
7.141510143263342,39.59290303498095,0.9873454827707748,659064,11433713,12092777,4.427953707934946,5.420110864526816,5.126428708754855,5.4736591206444,4.40931132326155,128016,2080071,64,2,3.2
7.587705345425571,39.32969903350862,0.984458096078593,855474,14512135,15367609,5.627083113634233,4.265087171335502,6.65337024669918,5.177049366904744,5.5982845468927955,128016,2788697,65,2,3.2
6.873704385584614,39.75889510179012,0.9879218653951117,742578,10458717,11201295,4.1015240526574805,5.851483422229305,5.768119993715604,5.073802176914951,4.078689953987779,128016,2049848,66,2,3.2
5.554380043314898,40.684447690208586,0.9894315142721278,719327,16045753,16765080,6.13878831552306,3.909566312835966,5.598448444733651,5.546630859085736,6.118512918826074,128016,2883375,67,2,3.2
7.143047548743907,39.59196819788816,0.9843818275903558,757724,14206089,14963813,5.479227083919198,4.380179837852825,5.891213185177466,5.387716591394604,5.460024308865459,128016,2627681,68,2,3.2
7.445330808258343,39.41196361934932,0.9951474613188163,874719,19852541,20727260,7.589600616329209,3.162221731188782,6.804823301824622,5.674276163667765,7.565911414179286,128016,3487923,69,2,3.2
7.366798876702912,39.45801547661653,0.9903273944566381,790167,10831275,11621442,4.255367249015748,5.63993624887514,6.1444006708754255,5.175865065277829,4.236650224474623,128016,2083467,70,2,3.2
7.654055205989876,39.2918877055582,0.9654909042381926,650966,5783921,6434887,2.3562314720425572,10.18575648647754,5.057906238269089,4.94073030098666,2.346615810621371,128016,1166049,0,3,4.800000000000001
6.970478543697663,39.69817766162576,0.9886788981659053,515152,6552443,7067595,2.5879071024325087,9.273903216016198,3.9770348705646423,4.786709710450374,2.5718910961637627,128016,1361004,1,3,4.800000000000001
7.7890555428618296,39.21595560113203,0.98235920731624,548487,7266129,7814616,2.8614401715410573,8.387384869582844,4.270849273584154,4.929409637113433,2.8424836488474203,128016,1463889,2,3,4.800000000000001
9.026639980549307,38.57554239509176,0.9801844492108239,754343,13204642,13958985,5.111294071639483,4.695484091429283,5.8603231515382,4.810835762652007,5.081139793862452,128016,2728511,3,3,4.800000000000001
7.216218944311649,39.54770659385038,0.9830486730456308,574506,8768534,9343040,3.4210958005249346,7.015296092064252,4.477193655635485,4.215129816967262,3.384821183511178,128016,2057071,4,3,4.800000000000001
7.928854352190351,39.1386992064562,0.98331383119908,762078,10123789,10885867,3.9860253064070115,6.021035531666885,5.924638048358326,4.651080216127633,3.953517838306168,128016,2158346,5,3,4.800000000000001
6.2634291074943755,40.16268194634736,0.9878423197956634,478922,9135847,9614769,3.520593495149044,6.817032421683766,3.705392480255139,5.110377074251674,3.5042429329698317,128016,1779862,6,3,4.800000000000001
8.896565907777154,38.638579604149975,0.994031893566475,903892,26862772,27766664,10.167185156542931,2.360535352752495,7.036760054926618,5.33833555506729,10.125405199176843,128016,5011252,7,3,4.800000000000001
6.816081949717223,39.795455575576185,0.9859077645118551,506721,4735107,5241828,1.9193748242407198,12.504071480407218,3.9255049721868294,4.98960060802313,1.9101563243218775,128016,944790,8,3,4.800000000000001
7.783486292729034,39.21906195939989,0.9632395049943107,787590,13054881,13842471,5.068630703388639,4.73500663284756,6.123907435971447,4.646935122991048,5.01483712689835,128016,2778520,9,3,4.800000000000001
8.701044937742157,38.7350894923269,0.9899127010192221,761839,15504104,16265943,5.956021732634983,4.0295353303525046,5.922924156933695,5.225951726582756,5.9261586658167555,128016,2951837,10,3,4.800000000000001
8.420828499953132,38.87725538340129,0.9873736546494952,726826,11959311,12686137,4.64522147133952,5.166599730083319,5.650383333341926,4.995991248771341,4.620370960848355,128016,2380895,11,3,4.800000000000001
8.382893056336709,38.896864351289835,0.9927429245262167,752777,14520819,15273596,5.592658827802775,4.2913399044992415,5.845043778923925,5.2693696092327444,5.570538263245328,128016,2745096,12,3,4.800000000000001
8.071154069608486,39.06144723267522,0.9852536724945261,829953,14259639,15089592,5.5252829724409445,4.343668934189871,6.454898198283061,5.27627237324331,5.499869955410028,128016,2690130,13,3,4.800000000000001
7.8290697061304835,39.193702010445996,0.9892807683563974,595831,8351954,8947785,3.2763671875,7.325186289120715,4.633541094715349,5.454854478477275,3.2649219686920907,128016,1525863,14,3,4.800000000000001
7.9041002443054,39.15227921283201,0.9894532780079658,677480,10255225,10932705,4.003175750492126,5.995240153283199,5.252591204061817,5.008691847810112,3.9799190329799727,128016,2035816,15,3,4.800000000000001
7.905990877116923,39.151240520018725,0.9917476601356193,509119,7607378,8116497,2.971978478276153,8.075428599308298,3.925957131104524,4.937340911971453,2.9518373187019873,128016,1530967,16,3,4.800000000000001
7.773613625445257,39.22457409922177,0.9694068300674314,918909,22550456,23469365,8.593663951185789,2.7927552364539903,7.149858634654776,5.296965091802961,8.561151330104128,128016,4241160,17,3,4.800000000000001
8.574594069296026,38.798667916443755,0.9823997321873774,615814,12034999,12650813,4.632287052985564,5.1810260731859685,4.792881240551703,5.084450797856504,4.610817960817155,128016,2355931,18,3,4.800000000000001
8.841229929266655,38.665676756808296,0.9882384280915724,763142,17572354,18335496,6.713819952193476,3.574716058949264,5.928763931860598,5.177452621364608,6.68244075292831,128016,3378268,19,3,4.800000000000001
5.245526071936321,40.93291310915635,0.9932962614691991,722578,10537919,11260497,4.1232017628655795,5.820719280863003,5.597795957118653,5.128661948600591,4.100504400761534,128016,2043789,20,3,4.800000000000001
7.567393797455006,39.34134026185174,0.9699515471367571,700855,13816104,14516959,5.315604714449757,4.515008411885712,5.4396857276610575,5.031889993560741,5.281745734140844,128016,2728224,21,3,4.800000000000001
8.82155477635608,38.67535225703812,0.9895924291832285,761979,15923778,16685757,6.109742995992688,3.9281521359804055,5.9242626830073,5.221020280876752,6.081385015375325,128016,3035788,22,3,4.800000000000001
7.839567905574303,39.187882345860466,0.9811474799202992,588163,7635912,8224075,3.011369794595988,7.969795022540529,4.574174175310494,5.16139373994018,2.9938706644330053,128016,1470672,23,3,4.800000000000001
8.434619744797525,38.87014852657482,0.984764640622844,725814,9496128,10221942,3.7429190980033744,6.412107601471424,5.640231788832974,5.262938983608892,3.7247725635394375,128016,1795640,24,3,4.800000000000001
7.6197994781902265,39.311368182240244,0.9730513391708886,569700,6144113,6713813,2.458364457372516,9.762588263926922,4.410288950499884,5.065695149480382,2.446725675061311,128016,1207621,25,3,4.800000000000001
9.028034581614799,38.57487146907055,0.9859384095971292,820932,13867088,14688020,5.378241294056993,4.462425296261851,6.383984283749326,5.357018002362543,5.359976587555114,128016,2579959,26,3,4.800000000000001
8.193603485111236,38.99605417652407,0.9894208231513865,783542,12958009,13741551,5.031677314749719,4.7697812277522385,6.093825411010017,5.018247091985206,5.003324904186554,128016,2567433,27,3,4.800000000000001
6.338783823897013,40.11074419900403,0.9634275737080794,638302,8549495,9187797,3.3642512215269966,7.133831102276204,4.962880333430827,4.796537934812279,3.344526977739931,128016,1771820,28,3,4.800000000000001
3.627364084372266,42.53489212263438,0.9868937968833089,416405,5369373,5785778,2.1185503667510313,11.328501024408471,3.231228536678476,4.487449643242338,2.096502191204769,128016,1183727,29,3,4.800000000000001
7.409326519731908,39.43301626850359,0.9767139124960131,701715,7614013,8315728,3.044929930633671,7.881954772931486,5.446956923628632,4.7365586790404945,3.0213659440066016,128016,1594845,30,3,4.800000000000001
8.451673399223534,38.861376547469305,0.9880901717985783,678808,11435452,12114260,4.435820034214474,5.410499031719643,5.258789887780184,5.220605369042574,4.4145514872499625,128016,2180392,31,3,4.800000000000001
7.695934492563429,39.26818998516858,0.9908048203642124,570124,8277479,8847603,3.239684028754218,7.408129862969665,4.384815475017166,5.289571034410028,3.2214816475725403,128016,1557133,32,3,4.800000000000001
7.78856976374047,39.216226465513145,0.9768497049991455,680112,13370430,14050542,5.144819055821148,4.664887091188368,5.279931787972693,5.176982530308846,5.118945372416593,128016,2569830,33,3,4.800000000000001
7.469312429696288,39.397997351880186,0.9836526864611863,666109,7362013,8028122,2.939618631655418,8.164324358797737,5.1665009645956,4.524736514958539,2.906648598457605,128016,1608201,34,3,4.800000000000001
7.856856760092488,39.17831525359325,0.9820027159713959,796169,7928798,8724967,3.1947789973518934,7.51225672257557,6.192517911507437,4.997766997396234,3.176063596614359,128016,1576927,35,3,4.800000000000001
8.54378127050525,38.81430239421789,0.9690651216058459,616071,9719002,10335073,3.7843437294947506,6.3419186298926,4.795786993459404,4.885245422569724,3.75517532959607,128016,1973591,36,3,4.800000000000001
8.347011555196225,38.91549346150125,0.9884690686490339,672290,14921705,15593995,5.709977781097676,4.2031687197539815,5.2258196970767985,5.283860972778808,5.688847688035772,128016,2813719,37,3,4.800000000000001
8.88626641396388,38.64361031438638,0.9830851145884919,623975,12048448,12672423,4.640199882241283,5.172190985102059,4.8449330826299635,5.003163391152353,4.615878934343213,128016,2395639,38,3,4.800000000000001
7.4966389699334455,39.382137646731444,0.9859707463639745,736240,7579131,8315371,3.0447992096691037,7.88229316527188,5.716302010892746,5.065730520683918,3.028755573830857,128016,1488389,39,3,4.800000000000001
6.662134518341458,39.89466963376816,0.9065488445112596,475796,7762004,8237800,3.016395411511061,7.956516545679672,3.656177421498174,4.241163815246803,2.978817440310646,128016,1807788,40,3,4.800000000000001
8.106170078349582,39.04264649284365,0.9799973857879798,705872,8803492,9509364,3.481997855736783,6.892594709803936,5.479358657892479,4.542711334579785,3.4503549969036387,128016,1919889,41,3,4.800000000000001
7.811214760264342,39.203617824764606,0.9928511317897416,723729,11919107,12642836,4.629366153449569,5.184295042662896,5.617547665496104,4.919395912429836,4.59800016148368,128016,2406401,42,3,4.800000000000001
6.8415652145044366,39.77924889811818,0.986964158029366,616030,9074740,9690770,3.5484224139951257,6.763569045596996,4.79467699093447,5.025468187334731,3.530297245796891,128016,1796345,43,3,4.800000000000001
1.2921315743735158,47.01773621887662,0.9951671136347852,431096,10564159,10995255,4.026079381678852,5.961134325670483,3.270999253551065,4.719251856578744,3.9972969415966615,128016,2224486,44,3,4.800000000000001
7.3716888904511935,39.45513362591545,0.9828217608177603,602789,3879906,4482695,1.6414067626312336,14.621604191228714,4.691639125016362,4.828075759158532,1.632605048534024,128016,799087,45,3,4.800000000000001
6.847091623312711,39.77574221516308,0.9808703594884894,407197,6812303,7219500,2.643529422103487,9.078771660087265,3.1287976167774665,4.11521995767109,2.608760687514138,128016,1633937,46,3,4.800000000000001
8.725161430016561,38.72306889991209,0.9841119765983392,858012,19844512,20702524,7.580543154761905,3.1660000490761413,6.676101225023612,5.3869179302646115,7.551630966231379,128016,3669801,47,3,4.800000000000001
8.490685490485564,38.84137606699641,0.9867898231856839,728447,12280890,13009337,4.763566053266779,5.038242302432476,5.656098914805204,5.262209623363238,4.74555755261195,128016,2325275,48,3,4.800000000000001
8.222513445584926,38.98075768547385,0.9806963635388303,783017,13551123,14334140,5.248662764810649,4.572593263355876,6.084333434775552,4.857296200694334,5.215468831536907,128016,2772035,49,3,4.800000000000001
8.162562199256342,39.012538572198935,0.9870846502682893,724462,12509377,13233839,4.845770865555868,4.952772358799288,5.630798025399015,5.273363025135271,4.827932336282432,128016,2363632,50,3,4.800000000000001
7.915356161534496,39.14609899596376,0.9838719577755898,534922,10661645,11196567,4.099792823748594,5.8539543415405815,4.134011910811319,4.581096211986205,4.060022779821449,128016,2304849,51,3,4.800000000000001
8.33281923743907,38.92288400023203,0.9860438063266206,585164,9408817,9993981,3.659447720402137,6.558366680905237,4.538791311634687,5.241792167052079,3.644470922993386,128016,1787946,52,3,4.800000000000001
7.543519096245782,39.35506366783378,0.9824801654984011,482901,5700400,6183301,2.264109442374391,10.60019429751196,3.705130092779682,5.059602961740632,2.2511993315245027,128016,1121378,53,3,4.800000000000001
7.92535674251656,39.14061540726462,0.987109975068949,754285,8297583,9051868,3.31447875656168,7.240957557047893,5.85389128870566,4.905862439867145,3.2960586643339123,128016,1682104,54,3,4.800000000000001
9.069079988048369,38.55517128535451,0.9819435968088802,722183,12815016,13537199,4.956850730572741,4.841783887494008,5.605191704345655,4.859852706392226,4.9255777532742915,128016,2620293,55,3,4.800000000000001
7.939422367125984,39.132914543974,0.9816523409218894,667402,10719776,11387178,4.169587932367829,5.755964471618868,5.182640397885219,5.386083163325266,4.15226467563092,128016,1982221,56,3,4.800000000000001
7.846129463309274,39.18424891036035,0.973284356827954,687695,6533271,7220966,2.6440662202380953,9.076928488515248,5.344078020988994,4.9969943798452725,2.627115527296937,128016,1298890,57,3,4.800000000000001
8.598131288276466,38.786762886216174,0.988422338876771,686013,16161576,16847589,6.1690002372750286,3.8904196915060067,5.3218222572523715,5.570878554237061,6.14760826015171,128016,2891445,58,3,4.800000000000001
8.338044048204912,38.92016175781421,0.9876780180763153,771218,12642926,13414144,4.911792275965504,4.886200118322869,5.994900720913502,5.12151347995357,4.8868940098877,128016,2456052,59,3,4.800000000000001
8.90611293217254,38.633921630540215,0.9830723828410922,734059,12491686,13225745,4.842807124695351,4.955803397086516,5.7010392512776935,4.768737927419227,4.812177630117262,128016,2602842,60,3,4.800000000000001
8.836187712864017,38.66815427571286,0.963891330696058,630024,9917325,10547349,3.862071806453881,6.214281143062584,4.892454251095198,4.862223344814374,3.840010984167344,128016,2028041,61,3,4.800000000000001
5.937143355127484,40.395028255700836,0.9895839347811418,301418,3987821,4289239,1.5705699141122984,15.281077132796751,2.253778277466303,5.378608450809161,1.5557605327071038,128016,736301,62,3,4.800000000000001
7.607658539752843,39.31829349266245,0.9881143598752127,673468,11477263,12150731,4.449174444014811,5.394259160210196,5.230654035284464,5.187014598748264,4.428273061344644,128016,2202431,63,3,4.800000000000001
7.74078838289745,39.242951659594965,0.9850306625809679,589548,8580207,9169755,3.3576448695866143,7.147867309431931,4.5835261229520565,5.268160633634158,3.3429118980118613,128016,1621582,64,3,4.800000000000001
8.499580374718786,38.836828757939294,0.9805947874885255,781901,11033405,11815306,4.32635349292276,5.547396910414339,6.07441187475215,5.1349845867510355,4.307028706283211,128016,2139229,65,3,4.800000000000001
7.46810237587489,39.39870098059429,0.9836383418369626,669519,8009372,8678891,3.177907571123922,7.552139092425518,5.196786196506806,5.171963125618973,3.162252123800427,128016,1541168,66,3,4.800000000000001
6.582968144606924,39.94658607348808,0.9869323129833214,653107,12908967,13562074,4.965959089098238,4.832903286031325,5.077105797848982,5.330337399417083,4.94990986563627,128016,2414161,67,3,4.800000000000001
7.937826375218723,39.1337876555465,0.9813668116523058,685089,11093064,11778153,4.312749358478627,5.564895616485879,5.3163486237084525,5.164428503825865,4.295785520702446,128016,2139878,68,3,4.800000000000001
8.516184500374953,38.82835299150618,0.9933151144011138,800616,16172602,16973218,6.215001201021748,3.861624354321025,6.225743805561055,5.426159673989264,6.193310483441728,128016,2970238,69,3,4.800000000000001
8.008700938749843,39.09518284345032,0.9868754928742693,716176,7611231,8327407,3.0492063736173605,7.870900509606411,5.566519695500843,5.0464302620512385,3.0327283617456327,128016,1500031,70,3,4.800000000000001
8.25170327830115,38.96536758012913,0.9591821051685647,598966,4051764,4650730,1.7029353264435696,14.093312662743267,4.6566204819955335,4.850023507856915,1.6931507526218208,128016,830488,0,4,6.4
7.528196548673603,39.36389411595089,0.9862054908868959,469399,5419802,5889201,2.1564202668025874,11.129555944855676,3.6158737051357246,4.642538495189846,2.144061404242829,128016,1161554,1,4,6.4
8.441505236650107,38.866604666493224,0.9773576494167546,502195,5618029,6120224,2.2410128421447317,10.709443314493065,3.8828436777562647,4.982957592436001,2.2293446670405253,128016,1122083,2,4,6.4
10.591642231244531,37.88117058298387,0.9732397601458049,701662,10810968,11512630,4.215524084880015,5.6932422912922585,5.450203104141908,4.744220047522742,4.191227221190097,128016,2265612,3,4,6.4
7.848549570952068,39.182909552733584,0.9775946721614636,526612,7433261,7959873,2.9146282251827897,8.23432635168928,4.088526346566426,4.153020960325298,2.880287188976285,128016,1768036,4,4,6.4
8.783282338731096,38.69423517489328,0.9791731450525761,709959,8452310,9162269,3.354903757147544,7.153707449541156,5.515255300500255,4.584676513017001,3.3232414026812074,128016,1825594,5,4,6.4
7.01624308680165,39.66975733556144,0.9858008182241605,431184,7746318,8177502,2.99431638428009,8.015185077301112,3.357833982884473,4.843822846649638,2.979238926477403,128016,1590989,6,4,6.4
11.227973090277779,37.62778997763888,0.9926589202533539,852162,23201495,24053657,8.80761132885733,2.724915882853073,6.6236857835745555,5.232270931874075,8.765059305436276,128016,4412904,7,4,6.4
7.167762843121173,39.576967333025266,0.9839437666886979,462512,3677820,4140332,1.5160453576115485,15.830660922843869,3.549860880649619,4.7324659176563575,1.5053440188949294,128016,772677,8,4,6.4
8.883838983017748,38.64479682380556,0.9599024794906855,734914,10599246,11334160,4.150174587551556,5.7828892480783765,5.716634400650227,4.4724202655632155,4.109486592189017,128016,2345759,9,4,6.4
10.212390321327021,38.03952955523104,0.9864955286542453,712186,13080767,13792953,5.050498936656355,4.752005752502746,5.51958594758903,5.104595552703066,5.022392121613469,128016,2548605,10,4,6.4
9.568659142216598,38.322292765848225,0.9832888518685795,674453,9779847,10454300,3.8280005038432696,6.269591651282248,5.245921668694579,4.89790139421068,3.808775547635403,128016,1986613,11,4,6.4
9.518080991829146,38.34530964864635,0.990235589831921,699091,12383340,13082431,4.790330529972816,5.010092696074606,5.4380290912943625,5.113562164699907,4.766975449758309,128016,2409767,12,4,6.4
9.268865683781716,38.460537720758154,0.9815619952453057,778666,12163482,12942148,4.738963781871016,5.064398274536808,6.050367374699645,5.167412115723834,4.715021898504835,128016,2342027,13,4,6.4
8.139600347808086,39.024772791977014,0.9883691844593362,551962,7018350,7570312,2.7719845566179226,8.658056893824192,4.260087592948116,5.252824718122147,2.7598735598173616,128016,1331070,14,4,6.4
8.794480157753718,38.68870187488457,0.9860645333974499,624296,8461631,9085927,3.326949975979565,7.213814506764142,4.852213460444441,4.87901515379232,3.3066901760531717,128016,1723593,15,4,6.4
7.103151168603924,39.61629303482647,0.9898481701485166,460572,6348471,6809043,2.493234366212036,9.626050533092537,3.5720864343719936,4.76976306170788,2.4784207891752112,128016,1323190,16,4,6.4
9.358922175743658,38.41854524958868,0.9715809762677537,866079,19441303,20307382,7.435855918400825,3.2276042278615726,6.736295075210765,5.157853533953494,7.398331536811215,128016,3750116,17,4,6.4
9.6908631050025,38.2671790218175,0.9774804223363095,567382,9868650,10436032,3.8213113985751783,6.2805664068488865,4.409879709935949,5.03018291472847,3.802911300584492,128016,1952463,18,4,6.4
10.328140989212287,37.990582030252156,0.9846359979053364,710540,15124314,15834854,5.7981719570209975,4.139235638042511,5.518029987516387,5.016674790220676,5.762593238056146,128016,2996266,19,4,6.4
6.0339322819022625,40.324799290364325,0.99142071378802,683304,8915060,9598364,3.5145865555868014,6.828683721517542,5.280128098973336,4.995790809541216,3.4931690409808245,128016,1774280,20,4,6.4
8.714073948764216,38.72859119773113,0.9669150735615776,647689,11537954,12185643,4.4619580023200225,5.378804548926962,5.031954322146599,4.919697502432439,4.434754823748638,128016,2330871,21,4,6.4
10.20549286807899,38.042463773211395,0.985821214126788,710956,13530954,14241910,5.2148913514716915,4.602205181748796,5.517119812263664,5.064256678090187,5.18605183922015,128016,2657225,22,4,6.4
8.496201158448944,38.83855574530451,0.9776568530655769,543367,5880990,6424357,2.352375752835583,10.202451700613773,4.200585969459647,5.084310225646109,2.3374429296433785,128016,1149779,23,4,6.4
9.089029886889138,38.54562829379109,0.9827909726343932,676789,7871187,8547976,3.129971058305212,7.667802530096013,5.25357294167496,5.162764100589228,3.112072753049024,128016,1515962,24,4,6.4
8.019512087356269,39.08932414555654,0.9691097272716084,526629,4608297,5134926,1.8802310355736782,12.76438881495079,4.043264629133026,4.998792242392452,1.867918401608314,128016,916961,25,4,6.4
10.289328335911136,38.006933349420216,0.9825355606764146,769964,11492071,12262035,4.489930091746344,5.345294806286232,5.978303689638068,5.1771138172592694,4.470215697009435,128016,2210281,26,4,6.4
9.310955149161042,38.440861262095865,0.9865984013813351,731208,11027826,11759034,4.3057486466535435,5.57394357393643,5.683676660482307,4.85245508609899,4.2793234259540025,128016,2258499,27,4,6.4
7.103189127726222,39.616269826263235,0.9592211354003162,587883,6917111,7504994,2.748067380249344,8.733410313186127,4.575936635774347,4.67792373253754,2.728322975591353,128016,1467591,28,4,6.4
4.19538072877609,41.90308981900167,0.9825992003251848,379412,4175601,4555013,1.6678870951677915,14.389463213387097,2.931240511364704,4.457339520165573,1.6510877690025447,128016,927434,29,4,6.4
7.994734056680415,39.10276339269356,0.9715175623076182,649480,6068579,6718059,2.4599191946709786,9.756418036816884,5.0409161802190265,4.75696778367521,2.4455087084785405,128016,1268326,30,4,6.4
9.014733265763654,38.58127479828431,0.9853254909345196,624718,9474953,10099671,3.6981477168869517,6.489735358706239,4.861036364932361,5.078804200858377,3.6780420416756336,128016,1855254,31,4,6.4
7.50111082306118,39.37954778995744,0.9886558519652123,524487,6940735,7465222,2.733504259233221,8.779938761365703,4.046654252784482,5.175383222147518,2.7197179930998003,128016,1335077,32,4,6.4
8.863761292533745,38.654623091888034,0.97483146428656,628074,11136752,11764826,4.307869475299962,5.571199438053738,4.877250327230886,5.046025656991883,4.285242469596054,128016,2195523,33,4,6.4
8.338552285456505,38.91989704596352,0.9780928854949087,613206,5896710,6509916,2.3837044783464565,10.068362172415128,4.773364584260663,4.753040597077638,2.3719994340321655,128016,1234343,34,4,6.4
8.733752153051181,38.718794975428935,0.978119683448946,744008,6399541,7143549,2.615718811515748,9.175298160620162,5.784458137581466,4.816695385712766,2.6010568680224115,128016,1321031,35,4,6.4
9.57694509377734,38.31853363323432,0.9615384640794323,566284,7381895,7948179,2.9103462897215975,8.24644135468011,4.406740047188891,4.946438789269664,2.890737380545958,128016,1481974,36,4,6.4
9.498762605846144,38.35413326995304,0.9851594608944773,621045,12727532,13348577,4.887783924470379,4.91020069030579,4.823207065083287,5.1060188654615555,4.865919752472942,128016,2481663,37,4,6.4
10.073933263224909,38.09881291406886,0.9777321440543855,571455,10132749,10704204,3.9195066437007875,6.123219624738093,4.446109048435743,4.849928481850489,3.8986988798433275,128016,2078011,38,4,6.4
8.161253524950006,39.013234916779965,0.9825309886283652,685052,5992741,6677793,2.4451751880624295,9.815247642447138,5.3129803660606605,4.980550050792098,2.4315964719722456,128016,1196768,39,4,6.4
7.185591913315523,39.56617811905174,0.9050418391926137,428170,6135494,6563664,2.4033851237345334,9.985915183958227,3.298173016279457,4.391800547888854,2.3758268768251893,128016,1381252,40,4,6.4
8.929936736423572,38.62231978700469,0.9737231843965825,655204,7106208,7761412,2.8419587200037495,8.444879874950589,5.076804864537955,4.532134016003185,2.808864279875636,128016,1549186,41,4,6.4
9.136510768185227,38.52299990456086,0.9900351290482009,670513,10217323,10887836,3.9867462856205473,6.019946663414108,5.21489471351215,4.811493804493081,3.960510241578918,128016,2109240,42,4,6.4
7.40272395149825,39.43688806079293,0.9851955443291219,570784,7551030,8121814,2.9739253784683166,8.07014196582192,4.421626054268115,4.864338059911056,2.9538326477876202,128016,1542019,43,4,6.4
1.8530620684133234,45.45190394588432,0.992288874042608,409981,9445869,9855850,3.6088689597394077,6.6502830298756574,3.0995138348038416,4.546227603545396,3.5621001841061375,128016,2052545,44,4,6.4
7.462883301696663,39.401737103268985,0.9800850414965802,552779,2698809,3251588,1.1906182625609298,20.15759438157602,4.303213220840873,4.5819692913841275,1.184937765599904,128016,586035,45,4,6.4
7.3374554987267215,39.47534880576945,0.9736151631772408,359747,5520943,5880690,2.1533038350674913,11.145663519076844,2.773392158726361,4.322002695180797,2.13049068091718,128016,1264078,46,4,6.4
10.32447164807524,37.99212524868441,0.9822118679823356,806361,17224973,18031334,6.602446422712786,3.6350162444997136,6.265733967554821,5.211855409409693,6.57058242446046,128016,3289078,47,4,6.4
9.526672935414323,38.34139105357784,0.9838260396082065,676623,10220332,10896955,3.99008534577709,6.014908935569616,5.251880595318686,5.0985663145699425,3.970842641457075,128016,1995086,48,4,6.4
9.414684614618485,38.39274584834403,0.9763065592911687,730431,11244650,11975081,4.384857532456881,5.47338193370049,5.673699881375024,4.793881530853456,4.359856079385429,128016,2332239,49,4,6.4
9.097331583552055,38.54166336511922,0.9835322214273067,673426,10586962,11260388,4.123161850862393,5.8207756251383165,5.226460841025902,5.11095692654109,4.103251849553386,128016,2061638,50,4,6.4
8.171491747125359,39.00779014444858,0.9787955211514071,492626,9013798,9506424,3.4809213301462316,6.894726345048359,3.7836718513159493,4.488409618340894,3.4455006211768717,128016,1988526,51,4,6.4
8.927462924556306,38.623523056092566,0.9839008944499975,542550,7805754,8348304,3.0568581271091113,7.851198518884794,4.172294260002779,5.064749229834065,3.0377342469976516,128016,1532545,52,4,6.4
6.713381286323584,39.86139047238194,0.9795601740329607,434900,4297963,4732863,1.733009570092801,13.848740603731821,3.3638347466881524,4.924175058533544,1.7226108189668612,128016,867930,53,4,6.4
8.36333751738064,38.90700737002153,0.9840861475186397,703437,6808048,7511485,2.750444158347394,8.725863394521856,5.452111100054901,4.8827843176124,2.7311535599661254,128016,1384629,54,4,6.4
10.364423563265529,37.9753520786345,0.9754029834005203,668173,10464880,11133053,4.07653620934102,5.887351115637372,5.195124605921963,4.7996557805937945,4.051085503154376,128016,2166507,55,4,6.4
8.796013413362392,38.687944779071216,0.9805055658913494,616447,8993644,9610091,3.5188805744985,6.820350816657199,4.796268846331456,5.286349414504127,3.5009623221092845,128016,1692502,56,4,6.4
8.415219948092426,38.8801488927924,0.9695231169238681,636708,4965719,5602427,2.051413617243157,11.699249628776956,4.945109485960551,4.844835761800456,2.040426587230588,128016,1019512,57,4,6.4
10.005902460434633,38.12824095890526,0.9866452476610998,634664,13658498,14293162,5.233658048603299,4.585702729738879,4.932929977550074,5.411745588782278,5.218026102877175,128016,2516559,58,4,6.4
9.422588411800087,38.38910139758019,0.9839851595826029,719696,10593568,11313264,4.1425232002249714,5.793570449695155,5.583786054516048,5.037526724959296,4.121942414302592,128016,2092742,59,4,6.4
10.196446879686913,38.04631499828907,0.9772728786267871,681748,10277587,10959335,4.012926728885452,5.980672367438353,5.290773684069624,4.712018825037565,3.9866678454594537,128016,2166867,60,4,6.4
9.875739287471879,38.185107445236554,0.9573912785278766,577041,7601197,8178238,2.9945858818428945,8.014463751238347,4.496358670252166,4.849282203415949,2.976715767481566,128016,1557721,61,4,6.4
5.795092752077865,40.500199695082024,0.9887471519068814,278805,3116253,3395058,1.2431519790494938,19.305765026694683,2.0396330635743847,5.071373203238132,1.229179878388214,128016,610445,62,4,6.4
8.271878612829646,38.95476208203762,0.984158594425482,620772,9785115,10405887,3.81027334962036,6.298760691904496,4.837605202003992,5.089389564761538,3.792783765381343,128016,1913556,63,4,6.4
8.276355958434882,38.95241199867495,0.9820763287919139,545153,7012619,7557772,2.767392845425572,8.67242250758557,4.207372542822351,5.071923986779979,2.753330930710759,128016,1376353,64,4,6.4
9.568117705989875,38.32253851545119,0.9763353391241977,729767,8946569,9676336,3.543137185976753,6.773658128448619,5.66517134345515,5.104053101164499,3.526500771450285,128016,1744823,65,4,6.4
8.173873041260467,39.00652473015728,0.9791845567963066,616292,6412753,7029045,2.573791435250281,9.324764886268333,4.797570174485802,5.201354845265142,2.559434345667414,128016,1225771,66,4,6.4
7.382962627718411,39.44849690822358,0.98401043668212,609117,10994227,11603344,4.248740391826022,5.648732985939225,4.716747183325504,5.180439059473534,4.231312782672251,128016,2114093,67,4,6.4
8.865363387193788,38.65383819033784,0.9782707822313923,633401,9275554,9908955,3.6283141609251968,6.614642210000953,4.915321130241902,4.991078496779971,3.609906017526352,128016,1849188,68,4,6.4
9.852364279660355,38.195398998728294,0.9911143898518051,748821,13901376,14650197,5.364391828951069,4.4739461182672144,5.817223647218597,5.24971060442362,5.344752964624081,128016,2638596,69,4,6.4
8.757638571545744,38.70693343010462,0.9835497768056136,663496,5925988,6589484,2.412839508342707,9.946786728672533,5.160464275219024,4.890703408580887,2.399992563526159,128016,1205098,70,4,6.4
8.010066612767154,39.09444233118641,0.9601144019844244,557983,3030966,3588949,1.3141481094160106,18.262781666721928,4.348264768558364,4.603848770991849,1.305682337017604,128016,653623,0,5,8.0
6.647814775106236,39.90401450463385,0.9835162608101379,428669,4673306,5101975,1.8681655271606674,12.846827356072893,3.32766737056982,4.5506589605240135,1.8587390245686084,128016,1021882,1,5,8.0
8.197949255366517,38.993751351263285,0.9725743174050709,467889,4501750,4969639,1.8197086936398574,13.188924185438822,3.589484299889279,4.931603278545158,1.8077566510173202,128016,907917,2,5,8.0
11.847539687421884,37.39452188674825,0.9713706090393496,661273,9124508,9785781,3.5832121326631046,6.697900964675175,5.132461716910434,4.704894459830162,3.5611824581973126,128016,1927478,3,5,8.0
7.335312700170292,39.476617285694836,0.971232223920523,492986,6467835,6960821,2.548810182906824,9.416158237656163,3.794711252367996,4.190873182337249,2.513871552406201,128016,1522265,4,5,8.0
9.133822993805461,38.524277697955725,0.9751618627445877,669812,7266982,7936794,2.906177499296963,8.258270530896985,5.202581107455314,4.5774561435618,2.8763681951699653,128016,1570604,5,5,8.0
6.340880119477253,40.1093081836407,0.9840423040708327,399654,6855115,7254769,2.656443701373266,9.034635286113176,3.116145193535811,4.655308522320931,2.6377805226761453,128016,1461747,6,5,8.0
13.891427145825523,36.703334952801924,0.9908928524201785,811142,20458713,21269855,7.788280005038433,3.0815533063107385,6.303962407947271,5.143295618148643,7.745751987896334,128016,3955966,7,5,8.0
6.325732720909886,40.1196952300149,0.982098931762617,422846,3078291,3501137,1.2819944137842145,18.72083040452287,3.256783212384831,4.541472537357649,1.2707453628804348,128016,672358,8,5,8.0
10.055274706872579,38.1068642098744,0.9561621258163581,696230,8981036,9677266,3.543477719581927,6.773007169586948,5.402140995869457,4.381030697700798,3.512726712898982,128016,2031879,9,5,8.0
11.220031944249156,37.63086267477947,0.9829593370810628,672566,11376158,12048724,4.41182303383952,5.439928078691155,5.206413195542056,5.007535747334305,4.384922169406203,128016,2258347,10,5,8.0
10.351069397575303,37.98095140594381,0.9792959145402803,634982,8286262,8921244,3.2666487978065244,7.346978963920278,4.933150812300799,4.8112561474424105,3.2484962417705527,128016,1712681,11,5,8.0
10.322705389365392,37.992868281411624,0.9875834178954469,659586,10883235,11542821,4.226578977432508,5.678351245332489,5.124492665825588,5.000469093986128,4.203705182838248,128016,2164664,12,5,8.0
10.079396447514373,38.096458334569874,0.9796739079204205,739893,10665003,11404896,4.176075646794151,5.7470223314618565,5.735761891212612,5.090307607678939,4.153644379331932,128016,2084229,13,5,8.0
7.730051687874953,39.24897962980139,0.9874809542827894,514933,6176201,6691134,2.4500601975534306,9.795677683334395,3.9683466516990586,5.123824674663688,2.440316142430693,128016,1201546,14,5,8.0
9.348793314898138,38.4232480245536,0.982465847412989,583195,7254132,7837327,2.869756148645482,8.363079912322148,4.544027058483019,4.784016254151205,2.850671676719058,128016,1505743,15,5,8.0
7.481503410706474,39.39091482606803,0.9876845849404635,426603,5500588,5927191,2.170330881491376,11.058221677013613,3.3179496550020193,4.652663894601542,2.1588687790936936,128016,1175915,16,5,8.0
11.204108153473003,37.637030684431004,0.9717122615937569,825540,17142712,17968252,6.579347991657293,3.6477778695445724,6.416286092094022,5.046615531348192,6.542554808671547,128016,3377785,17,5,8.0
10.116850994211662,38.08035007322289,0.9734529632441579,532899,8346165,8879064,3.2512039510686166,7.381880792840326,4.1207623378556955,4.947174146691991,3.232656860781133,128016,1677905,18,5,8.0
11.766631710098737,37.424282004094195,0.9808904488373379,669195,13323088,13992283,5.1234866393653915,4.684310058623028,5.204850897004858,4.8971429240761895,5.091503485349458,128016,2703338,19,5,8.0
6.801858629975941,39.80452759566323,0.9892374333679689,651883,7789865,8441748,3.09107406496063,7.764291471387205,5.031801014466259,4.913771546688195,3.070930821455148,128016,1575691,20,5,8.0
9.62443097933071,38.29705298515099,0.964870119293515,608759,9946849,10555608,3.865095964566929,6.2094189174133785,4.7181541833783625,4.837353948745672,3.8410098392863605,128016,2043644,21,5,8.0
11.328364838184289,37.58913133529036,0.9819801105704539,670810,11848364,12519174,4.584085436586052,5.235504514914482,5.204234734153355,4.944736120995967,4.5564174989322375,128016,2381803,22,5,8.0
7.953170526535746,39.125400664650066,0.9745814651234158,510606,4815451,5326057,1.9502165500796775,12.306325673946036,3.9197755135377585,4.979326452698685,1.9376277845470833,128016,961954,23,5,8.0
9.372093258850457,38.41243759389141,0.9801177767020833,638957,6776906,7415863,2.7154307127624673,8.838376868612594,4.955705538709537,5.081242464730145,2.6997882080475883,128016,1326198,24,5,8.0
7.453849518810149,39.40699740066143,0.9664233511761445,487589,3711703,4199292,1.537634455849269,15.60839112879028,3.7713685735277385,4.901316647575616,1.5248779309147698,128016,751157,25,5,8.0
11.094478180461817,37.679734804986595,0.9792664142629554,731034,9940075,10671109,3.9073884075037495,6.142209961495099,5.666318505356811,5.036411913444113,3.885655145511944,128016,1962980,26,5,8.0
10.040586357369392,38.11321285077422,0.9838731067469236,692315,9667244,10359559,3.7933096497703414,6.326928781427858,5.368290978711901,4.742593837080624,3.7659719974163046,128016,2023718,27,5,8.0
7.293895269927196,39.501208377030416,0.9573619258282342,551210,5817411,6368621,2.3319671710958003,10.291740079995341,4.276977212952589,4.596206047874318,2.3161657864600613,128016,1257112,28,5,8.0
4.241785328591739,41.85531675227474,0.9783715475749011,350711,3389280,3739991,1.369454428547994,17.5252271997446,2.7059242870187084,4.4697083994858655,1.3580096716420567,128016,752249,29,5,8.0
8.067206564999687,39.063571834475724,0.9661652166724387,608715,4996007,5604722,2.0522539663010875,11.694459065052646,4.731282149753846,4.753237535430287,2.042266974979415,128016,1045975,30,5,8.0
9.414021367446257,38.39305181157637,0.9832596059423334,585243,8159348,8744591,3.2019646225862393,7.495398241038374,4.558535446290739,4.962443547058936,3.1828619833945107,128016,1634045,31,5,8.0
7.353652814882515,39.46577239025581,0.9866538586379416,486224,6035530,6521754,2.388039141591676,10.05008652580272,3.7650967400274684,5.095265583805046,2.378618556817468,128016,1180318,32,5,8.0
9.713108005054055,38.25722142961087,0.972538312945696,586760,9602356,10189116,3.7308993602362204,6.432765315460144,4.57089661361149,4.941039195750218,3.7107404670720405,128016,1932572,33,5,8.0
7.672686055844582,39.281329323796356,0.9731443345667451,574609,4777228,5351837,1.9596562880811774,12.247045640590324,4.4701101202958835,4.937974069190182,1.9546431588486413,128016,965153,34,5,8.0
9.222607183867641,38.48226649629219,0.9744157116039275,704807,5435839,6140646,2.248490667182227,10.673826825386124,5.4713259033579495,4.692357430856853,2.2365188827020313,128016,1152413,35,5,8.0
9.936464851073303,38.15848460248197,0.9553461271755112,530431,5847443,6377874,2.335355297384702,10.276808855113789,4.109414348389684,4.953950261953171,2.323365359391663,128016,1174630,36,5,8.0
10.113788266701038,38.08166503480215,0.9818910441502386,579786,11199414,11779200,4.313132733408324,5.56440097799511,4.516936758724964,4.967757867164656,4.290403288875296,128016,2242236,37,5,8.0
10.454890160214347,37.937608864175566,0.9723717631486987,535160,8805484,9340644,3.420218468785152,7.017095609253495,4.155669796553588,4.736357601534919,3.397821006675343,128016,1846880,38,5,8.0
8.24919333813742,38.96668878490577,0.9793302800904663,644150,4945334,5589484,2.046674341488564,11.726340392064813,5.004166307545174,4.856492530186498,2.037280460213018,128016,1013739,39,5,8.0
6.853473516005812,39.77169622004829,0.9113098021355549,392134,4997434,5389568,1.973472065991751,12.1613071771244,3.036047656578508,4.6635547730319145,1.9647125306928424,128016,1067208,40,5,8.0
9.049986183367704,38.56432444700469,0.9678091763312312,612802,5916365,6529167,2.390753523973566,10.03867599036753,4.768680413580095,4.5684228069245005,2.3679710467036785,128016,1281948,41,5,8.0
9.256736584684727,38.4662245551019,0.9867188740527362,629456,8978733,9608189,3.5181841283511437,6.821700946973462,4.908091541812252,4.762024390215369,3.496825133915446,128016,1873477,42,5,8.0
6.647212799571928,39.90440778648527,0.9836004810483546,537137,6526891,7064028,2.5866009912823396,9.2785860984696,4.123595838194353,4.762144947568013,2.569073803295461,128016,1362469,43,5,8.0
2.576447109150419,44.02059129436579,0.988690256732124,393792,8507764,8901556,3.2594397380015,7.363228631039338,2.9688420386509535,4.451381898691943,3.2258293724024374,128016,1893728,44,5,8.0
6.633544708278652,39.91334700357296,0.9782522583678054,517029,2055203,2572232,0.9418617594675666,25.481446463616034,4.003706123241886,4.282446574123777,0.9363344552937476,128016,477437,45,5,8.0
6.667311239415386,39.891296317951955,0.9651311489926296,326627,4521500,4848127,1.775215231885077,13.51948742266859,2.50850012286984,4.590710728623583,1.7645855823978673,128016,979798,46,5,8.0
11.82652644493657,37.40223153628953,0.9805601689008175,765088,15342406,16107494,5.898003228112111,4.069173764708527,5.947892759009855,5.086306934260893,5.862436807840963,128016,2998037,47,5,8.0
10.40463667627484,37.95853441360525,0.9810438627132617,636313,8856249,9492562,3.4758455486032998,6.904794722436367,4.940688520901311,4.973493651165387,3.4553816978364753,128016,1770222,48,5,8.0
10.300064176548243,38.00240430198278,0.9712650245474387,689300,9630479,10319779,3.7787435994328833,6.351317407087884,5.3588622987449215,4.775129464761771,3.7564706365775424,128016,2004748,49,5,8.0
9.734698567952444,38.247578526032,0.980011021955478,632162,9246094,9878256,3.6170732564679415,6.635198763830377,4.9159084144153695,4.978085551731125,3.597320792818842,128016,1847095,50,5,8.0
7.9347834206271095,39.13545283653565,0.9735215618260654,451189,7823463,8274652,3.02988933023997,7.921081394117843,3.4911264492169587,4.468733090437359,3.003073858430297,128016,1735279,51,5,8.0
8.89703838289745,38.6383489669679,0.9820641033642213,505642,6778718,7284360,2.667278894825647,8.997934204240318,3.9008462567971605,4.943323492103922,2.650700090799498,128016,1363397,52,5,8.0
6.331878192960255,40.11547809168122,0.9767317843466637,396177,3481911,3878088,1.4200207395950506,16.901161603346804,3.080960699482426,4.767025442283682,1.4085944717937393,128016,724240,53,5,8.0
8.616326889802837,38.77758193820262,0.9813134736919814,662930,5756218,6419148,2.3504683984814396,10.210730769877873,5.14430797021249,4.872217033647882,2.3366754493965813,128016,1174604,54,5,8.0
11.365852950021873,37.57478327970319,0.9685432201490333,628621,8860781,9489402,3.4746884666760405,6.907094040277775,4.880537493084248,4.792733046469821,3.452922034217643,128016,1837192,55,5,8.0
9.045751239102925,38.566357205234986,0.9788655826084639,578622,7843908,8422530,3.084037102784027,7.78200754405149,4.4960441006702405,5.212015577297288,3.0664453968814955,128016,1496335,56,5,8.0
8.156522060718972,39.01575345719457,0.9675299889961927,595829,4058442,4654271,1.7042319172994,14.08259037774122,4.639765645926014,4.714577312248112,1.694616483900161,128016,855654,57,5,8.0
10.820416735017497,37.78836373458427,0.9850627019106897,596684,11959800,12556484,4.59774705896138,5.219947877128662,4.635324547932336,5.268434337890972,4.583185439346247,128016,2263162,58,5,8.0
10.357689907902138,37.97817456049607,0.9803522651766396,677506,9146115,9823621,3.5970678225768653,6.672101051129721,5.267043671217877,4.968769620149289,3.579000586332989,128016,1831442,59,5,8.0
11.371446122945569,37.57264662822291,0.9717370771174836,639933,8713859,9353792,3.4250328083989503,7.007232147133483,4.973998166574927,4.689003162815459,3.401817602996812,128016,1845518,60,5,8.0
10.060402972089426,38.104649840197965,0.9541897184180153,539641,6093507,6633148,2.4288277441882267,9.881310050672772,4.194776792289475,4.8011551328977164,2.4141385143598706,128016,1261370,61,5,8.0
4.988089013287402,41.15146165934179,0.9886758419511579,258302,2661213,2919515,1.069024697108174,22.45037001008729,1.8206328320039096,4.8670608682631045,1.0549073926456007,128016,544043,62,5,8.0
8.247335049915636,38.967667226314695,0.9815173033861658,582868,8576223,9159091,3.3537400842472818,7.156189626241294,4.535545150990845,5.025712740292477,3.337181902294378,128016,1697918,63,5,8.0
8.171631256053931,39.007715999552474,0.9806977472381037,511090,6027347,6538437,2.3941478750703036,10.024443456440737,3.930222790793333,4.92098375557849,2.3814374990909215,128016,1219389,64,5,8.0
10.32419421693382,37.992241950474856,0.973204468007992,687589,7509780,8197369,3.001590987649981,7.995759615066737,5.34891633173089,5.041334021802673,2.9856987582935,128016,1481596,65,5,8.0
7.537368986103299,39.3586058452327,0.9749956906155234,577140,5263320,5840460,2.1385730104049494,11.22243658889882,4.496162087138338,5.109159792556727,2.1311599817222295,128016,1026516,66,5,8.0
8.378557538706099,38.89911104397849,0.9810147079687942,574269,9658531,10232800,3.7468949193850767,6.405303729184583,4.435201549303265,5.0648455646727575,3.727905500701243,128016,1898017,67,5,8.0
9.262567887021934,38.46348956846682,0.9753444512155962,591876,8041667,8633543,3.1613027131374203,7.59180697889615,4.60813693022326,4.85486297178233,3.1432953361545386,128016,1646689,68,5,8.0
11.187819418080553,37.64334913032925,0.9888833692582203,707769,12297839,13005608,4.76220062335958,5.039686879690669,5.500522658303392,5.114920863464508,4.741199026728118,128016,2393800,69,5,8.0
8.75231050220285,38.70957644314422,0.9803744880333518,624191,4911701,5535892,2.0270508178665168,11.839861037751458,4.849056515385561,4.760050314015342,2.017097600895542,128016,1026870,70,5,8.0
10.156142225385889,38.06351586816306,0.9441606524656225,445224,1443578,1888802,0.6916134994844394,34.70146262022171,3.419295840687254,3.81659187048554,0.6815327386525233,128016,372989,0,10,16.0
9.581094477448131,38.316652381811906,0.9669336345780087,331062,2826037,3157099,1.1560196821100488,20.76089219881923,2.5619515533479453,4.300143304865373,1.1467047788517313,128016,651999,1,10,16.0
11.264499286222035,37.61368469030322,0.9541536656284126,352901,2242110,2595011,0.9502026358033371,25.257770390954025,2.735079267057308,4.408255385057762,0.9463708324823055,128016,506870,2,10,16.0
21.06626588668604,34.89492799561029,0.943294009792199,534958,4915751,5450709,1.9958597704583803,12.024892908427143,4.161551043798349,4.523212510153204,1.9839723408268355,128016,1080095,3,10,16.0
12.724807958575491,37.08429124134973,0.9252699335786146,377385,3477408,3854793,1.4114909220331833,17.00329745332629,2.9333740707343194,4.631602230422331,1.4024615288802897,128016,745879,4,10,16.0
14.53867949123547,36.50555398341673,0.9492467220956039,545924,4061321,4607245,1.6870126341629172,14.22633092010518,4.248684449291287,4.616510819604145,1.676086304466801,128016,873713,5,10,16.0
10.071678174017311,38.09978520801605,0.9701249916794636,306699,4633146,4939845,1.8087991686586051,13.268471379162706,2.3255170524422377,4.242676662589578,1.7868774539212924,128016,1080043,6,10,16.0
30.12338997176134,33.34176516739441,0.9789853410136796,684603,13152936,13837539,5.066824776785714,4.736694292243729,5.310700407718259,4.846976415892484,5.03476852230071,128016,2696555,7,10,16.0
8.196107078412073,38.99472737241764,0.9720713349013321,317021,1858864,2175885,0.7967332940804275,30.123003743304448,2.4416999132914885,4.0923644433288455,0.7907073104358114,128016,451292,8,10,16.0
17.854991026512312,35.61320724604983,0.9221987958965876,568940,5102056,5670996,2.0765211965691788,11.557791964586116,4.432138368928652,4.473980698428566,2.0610504626133013,128016,1131288,9,10,16.0
20.572786922142544,34.99787232861871,0.9641806856624524,547900,7091163,7639063,2.797158778004312,8.580135024413334,4.2631595593305445,4.691059470904403,2.775879307508804,128016,1499703,10,10,16.0
16.328387296314524,36.00137067919239,0.9595995110979239,517315,4803760,5321075,1.9483923152184102,12.317847803310421,3.9991355962767554,4.552709202855391,1.9359164106030466,128016,1048837,11,10,16.0
17.52911891872891,35.69320273544833,0.9721218462683208,537019,7049991,7587010,2.778098782574053,8.639001662051323,4.1730476950459625,4.694005231831195,2.7583332998097645,128016,1491011,12,10,16.0
17.792979246734784,35.628316886643326,0.962428207754093,614978,6762087,7377065,2.7012242366188604,8.884860306910674,4.778547954163376,4.831762081953749,2.6844209722402064,128016,1390682,13,10,16.0
11.507365412331271,37.52104456686966,0.9798931880486282,406692,4134825,4541517,1.662945330075928,14.432224298620923,3.1710180641422103,4.763404409861322,1.6547885571580487,128016,863521,14,10,16.0
14.222939051563866,36.60091011873108,0.9636966870366092,471796,4334092,4805888,1.7597487814023247,13.638310339317105,3.6252883732779395,4.513551653391842,1.7479665989371638,128016,954817,15,10,16.0
11.114886029871267,37.671753469909554,0.9747934161086299,334829,3403511,3738340,1.3688498898575179,17.532967038846117,2.58176380659718,4.355587752547299,1.3572459159803192,128016,775129,16,10,16.0
23.282494107181915,34.46050859161222,0.955963469711862,698399,11055646,11754045,4.303921848636108,5.576309432199723,5.422106264560579,4.724721488101777,4.276420244683104,128016,2324967,17,10,16.0
16.97584249722691,35.83249023699344,0.9539253998943437,418079,4861899,5279978,1.9333440253562055,12.413724451124606,3.251511506080706,4.6282286518363165,1.922600956897524,128016,1044545,18,10,16.0
22.14042751492001,34.67894358346068,0.9593323642260985,544276,8523717,9067993,3.320383169877203,7.228081450878932,4.240067541832421,4.525205201436058,3.2914244343122987,128016,1866459,19,10,16.0
12.269570307617798,37.2425100729316,0.975261221271175,546692,4885119,5431811,1.9889399811351707,12.066729125884534,4.232370368352405,4.763656855507878,1.9781807494594987,128016,1020354,20,10,16.0
16.751635171580116,35.89023154788571,0.9442660540225809,486975,5976794,6463769,2.3668070543916384,10.140243563778347,3.7639837260077504,4.602057199369693,2.3496848999584463,128016,1289675,21,10,16.0
20.53356745934102,35.0061595152119,0.9609744805235182,546804,7561082,8107886,2.968825430024372,8.084005127847135,4.255176828203742,4.608903513693544,2.94453723189357,128016,1626596,22,10,16.0
11.143982002249718,37.66039958845573,0.961329548767139,395035,2733023,3128058,1.1453858794994376,20.953637048929398,3.0776271193026723,4.5903550885615,1.138419827706819,128016,591468,23,10,16.0
14.890184259194163,36.40180288887652,0.9632342484701811,527499,4155881,4683380,1.7148906191413573,13.995061686218074,4.0621626283282275,4.804024196170985,1.7036348445579035,128016,860241,24,10,16.0
10.042772973690788,38.11226715698812,0.9511002609008159,383540,1967905,2351445,0.8610172507733408,27.874005983554795,2.9834612798594007,4.31475052782929,0.8567661194019124,128016,453770,25,10,16.0
19.070514134951882,35.32717959223967,0.963242328329407,605872,6314817,6920689,2.5341152424306337,9.470761075956455,4.708374716384731,4.683864510015868,2.5173063567419742,128016,1339073,26,10,16.0
17.903163349698474,35.60150586651196,0.9636796167105396,565505,6065896,6631401,2.4281880536417324,9.883913218338025,4.405965072816059,4.477407975822766,2.4114736171923954,128016,1344912,27,10,16.0
12.061846029011999,37.31666580521507,0.9336781036859977,439328,3280031,3719359,1.3618997088254594,17.622443006980504,3.405123584606577,4.44192072295584,1.350617327916255,128016,732259,28,10,16.0
6.5974920859501935,39.93701482935311,0.95905867726829,274219,1543833,1818052,0.6657073139295088,36.05187970421088,2.042644016169162,4.134222509657296,0.655025405479149,128016,369450,29,10,16.0
11.342478796595739,37.58372384790563,0.9426726855097854,491243,2468908,2960151,1.083904184828459,22.14217855778303,3.7860608854230047,4.251606593663208,1.075725560083544,128016,576991,30,10,16.0
15.387650274184477,36.25908053633304,0.9693161388357269,474425,5021076,5495501,2.012261040612111,11.926882007664087,3.6564183584926977,4.6434426003298075,1.999972189295856,128016,1075465,31,10,16.0
11.480164954966567,37.53132232517013,0.9747019507598061,386288,3817889,4204177,1.5394231726893512,15.590255120086525,3.006506787622518,4.792608171600832,1.5307665101225931,128016,791981,32,10,16.0
17.075757009865953,35.80700394756218,0.9544967763646168,475627,5840775,6316402,2.312846392247844,10.376824021017029,3.644506908870636,4.589340708384595,2.2961199404704162,128016,1264706,33,10,16.0
10.964651757397514,37.73085518036523,0.9528294779977914,465050,1963883,2428933,0.8893906572225346,26.984767385514548,3.593389775630311,4.349683904747257,0.8837340919273822,128016,449107,34,10,16.0
14.723050243719536,36.45082566709923,0.9525379208175634,579265,3230142,3809407,1.3948721497703411,17.205877975233417,4.50246364654559,4.29768588243797,1.3823475665466627,128016,744311,35,10,16.0
13.403103664776278,36.85874984263441,0.9310908950683272,416011,2835559,3251570,1.1906116715879265,20.157705969731545,3.2333864293345567,4.6801624262424895,1.184979869904234,128016,603027,36,10,16.0
17.78438437382827,35.63041524670642,0.9614701037341157,469073,7310676,7779749,2.848673090668354,8.424975150226569,3.591916565333689,4.5642958557128095,2.819552369855839,128016,1586312,37,10,16.0
18.54110277230971,35.44944799684784,0.9428408339576516,425847,5400792,5826639,2.1335122416338583,11.249056617374098,3.290653282409541,4.409027389972085,2.117944666608375,128016,1216338,38,10,16.0
11.59154788268654,37.48938927318148,0.963797276792325,526016,2812897,3338913,1.222593635756468,19.63039827632526,4.071192238422147,4.412584626672611,1.212446852599268,128016,632288,39,10,16.0
10.974147030449318,37.72709586337807,0.8561985985971919,305590,1817749,2123339,0.7774927792229096,30.868453883247096,2.323525597156804,4.619434009372959,0.7692132971476205,128016,390368,40,10,16.0
13.698753109962817,36.76399322332451,0.9349012901048533,497919,2922163,3420082,1.2523148961848518,19.164508921131134,3.8382455595741805,4.597512150520017,1.2439365266429734,128016,632047,41,10,16.0
15.330157460786152,36.27533745217753,0.9674176050303124,524312,5565087,6089399,2.229725800876453,10.76365532953252,4.023070907154262,4.741291301141041,2.2143846703073042,128016,1166873,42,10,16.0
10.567033735040932,37.89127266965982,0.9712629003308141,423113,4034952,4458065,1.6323881145716161,14.702385900609345,3.290995975678787,4.534482160939459,1.623738860799537,128016,885028,43,10,16.0
8.302955904925946,38.93847629375852,0.9620198025246326,342727,5728681,6071408,2.22313812335958,10.795550554335996,2.5476190453479086,4.445316001731909,2.193427753707064,128016,1274180,44,10,16.0
7.885695074248531,39.162403811983694,0.9676894910354372,404007,1048051,1452058,0.5316930598518935,45.13882503315983,3.1367658015837407,3.4699243357847998,0.5262882407405195,128016,298491,45,10,16.0
10.20960551317804,38.04071399070891,0.930674874781141,246958,1603375,1850333,0.6775274916807275,35.42291684794034,1.8105845482903566,4.338640912036494,0.6650558354912597,128016,365204,46,10,16.0
23.361568329349456,34.44578366009779,0.9640943610964557,641524,10254083,10895607,3.989591755132171,6.015653097619986,4.969871566066148,4.789244967502709,3.965523777941245,128016,2128447,47,10,16.0
17.14908036397794,35.78839525326349,0.9648292153548269,516794,5559911,6076705,2.2250777002484066,10.786140186169971,4.00244093003931,4.611810711131119,2.211070414970776,128016,1198244,48,10,16.0
17.609491318468002,35.67333550089342,0.9428093557122702,564011,5419809,5983820,2.1910664487251594,10.953570127443673,4.392292392641624,4.681092499169167,2.1781312417788334,128016,1150631,49,10,16.0
16.016019237829646,36.08525779074435,0.962044290545011,515911,5976433,6492344,2.3772702240344956,10.095612925008288,3.9785212179121565,4.662876415966205,2.3621805052649023,128016,1274282,50,10,16.0
13.875982665252781,36.70816612245436,0.9364821414990366,348082,4517068,4865150,1.781448461520435,13.472183180374707,2.70025811592565,4.647817375041435,1.7697783035694952,128016,965529,51,10,16.0
14.418335403387077,36.54165236882061,0.9697682018792726,398907,4302925,4701832,1.72164709880015,13.94013907770418,3.101226666069602,4.594757990680856,1.7125295151251736,128016,931480,52,10,16.0
8.87542255460255,38.64891322096989,0.9654635780110542,305361,1923754,2229115,0.8162242659120735,29.403683524627485,2.324217620710632,4.261511383434727,0.8092644230005116,128016,448801,53,10,16.0
12.741306384553493,37.07866401744879,0.9648349327071576,542786,3198086,3740872,1.3697770200599926,17.521099893286912,4.210789200337981,4.6628263730379205,1.3585918460416975,128016,680119,54,10,16.0
17.98402763131171,35.58193399712652,0.9376073126693322,507015,4825778,5332793,1.9526830386436071,12.290781209771314,3.927384902575027,4.754271186461387,1.941628961614348,128016,1009584,55,10,16.0
15.362792785667416,36.26610188066122,0.9642717094168024,467896,5027680,5495576,2.012288502999625,11.926719237437533,3.616938688350471,4.984292744215828,2.0017215748559467,128016,1003892,56,10,16.0
11.002272543080553,37.715979619838556,0.9511705395705524,485556,2243886,2729442,0.9994265853487064,24.013769847463326,3.720870025203229,4.289053395361646,0.9912417002590197,128016,520105,57,10,16.0
19.847565807203786,35.15373110288867,0.9759188483234125,486401,7878988,8365389,3.0631140589848145,7.835163672603868,3.742273193455953,4.82411503465714,3.041247649338958,128016,1622391,58,10,16.0
16.91578469683477,35.84788212033841,0.9631752320888783,552757,5490065,6042822,2.2126709258998876,10.846619675376836,4.298565367075963,4.641719391753423,2.2005458756304885,128016,1176164,59,10,16.0
18.946715034644107,35.35546437645359,0.9430115348098913,516636,4729679,5246315,1.9210178073443944,12.493377160921524,4.007381771608911,4.553470117736203,1.9089142953282143,128016,1032235,60,10,16.0
14.669528979775965,36.46664191453274,0.9313179868969069,425994,2982765,3408759,1.2481688080005624,19.22816837447294,3.3000282654759676,4.387470380968327,1.2375988108823575,128016,674064,61,10,16.0
6.864062890576178,39.764991068744244,0.9838226857943969,226873,1755891,1982764,0.7260191108923885,33.0569810627992,1.5130162727274907,4.35146610090499,0.7086073335351537,128016,400215,62,10,16.0
13.31280586996938,36.88810761785465,0.9610992757697928,472301,5325478,5797779,2.1229447149184475,11.305051813806633,3.653139416451088,4.705993476226714,2.111152230679263,128016,1125780,63,10,16.0
11.886291679360392,37.38033977602421,0.9686632605550572,398933,3830168,4229101,1.548549473308024,15.498374713680283,3.1074158775965097,4.507463631165516,1.5393634613056189,128016,844425,64,10,16.0
15.937490479705662,36.10660422516548,0.9558486710759883,562827,4248486,4811313,1.7617352274325084,13.622932451079363,4.382382376278814,4.641015632341663,1.753510189244139,128016,910972,65,10,16.0
10.690858711020498,37.840677708621286,0.9602429346961899,466249,2911059,3377308,1.2366525473378327,19.407229663388712,3.589807281385159,4.423612210971201,1.2282887281451422,128016,654423,66,10,16.0
15.274076946436383,36.291253867442826,0.9654022265475728,462655,6240732,6703387,2.4545468193428945,9.777772341056842,3.571288035117949,4.695739823974518,2.4380086258371327,128016,1320567,67,10,16.0
14.973634887435946,36.37753121651491,0.9567867833995877,480298,5044055,5524353,2.0228256380061866,11.86459156393518,3.688527971101045,4.4444722060003885,2.007183875195978,128016,1127118,68,10,16.0
20.33077249621141,35.04926480288499,0.9755896805431922,582418,8139298,8721716,3.1935885943944506,7.515056899353293,4.537218826036688,4.720828943617718,3.169186374828588,128016,1710343,69,10,16.0
11.71803915135608,37.44225416164709,0.9652756188805771,506467,2844184,3350651,1.2268916824850018,19.56162906850042,3.9084148749978405,4.366038111569154,1.2158206960058624,128016,645912,70,10,16.0
16.317554788073366,36.00425281303605,0.9128257375076155,332258,717818,1050076,0.3845012537495313,62.41852208792506,2.5756802853218157,2.9414531513366775,0.381986125194061,128016,242560,0,20,32.0
19.16485244031996,35.30574881112734,0.931140407701729,256701,1513014,1769715,0.6480079882592801,37.03658046634628,1.8844401843742005,3.88780271741759,0.6373971764754224,128016,385693,1,20,32.0
19.121029549040745,35.31569088229633,0.9239100109876249,265214,1202329,1467543,0.53736312746063,44.66253595294992,1.9796465898571443,3.756705992899943,0.5263317410682973,128016,315167,2,20,32.0
41.283584547048804,31.973029619431056,0.8954607381998572,421701,2381215,2802916,1.0263302048181477,23.384286935462924,3.231046554318258,4.043366960552163,1.0178822012540194,128016,585210,3,20,32.0
22.463391294838146,34.616050386195255,0.8523686551950992,286491,1218960,1505451,0.5512437166057368,43.537911230588044,2.1712314231085275,3.81908883592073,0.5422247828640291,128016,314962,4,20,32.0
27.146202305766465,33.793712795401774,0.9027956458438787,432631,1887432,2320063,0.8495262555071241,28.25103973469686,3.3462993164139254,4.113761189935452,0.8445106405367717,128016,456513,5,20,32.0
24.481715298283028,34.24238517717857,0.9313230934318047,245921,2859565,3105486,1.1371207993532058,21.105937041738397,1.747321627855018,4.156047331215608,1.1202935962061658,128016,682342,6,20,32.0
70.93416948369735,29.62224872603441,0.9522435684878486,557187,7908125,8465312,3.099702380952381,7.742678828612578,4.3328041245017355,4.625342262977682,3.0783051240435815,128016,1697649,7,20,32.0
14.265718738282715,36.58786703612514,0.9497238890817042,238601,1087427,1326028,0.48554526387326585,49.42896530088354,1.7440262844538905,3.5664561618354322,0.47482552512422777,128016,300996,8,20,32.0
35.62139827736377,32.613693976715005,0.8487624459390761,458558,2181945,2640503,0.9668602215738658,24.822615993998113,3.5056274051489646,4.436972486327289,0.9603616576922679,128016,489969,9,20,32.0
44.29839287667166,31.666923903435766,0.9270462456413441,435976,4135138,4571114,1.67378272051931,14.338778687208414,3.3605097193267546,4.419004491568129,1.6602382946311998,128016,928699,10,20,32.0
31.724917197850267,33.11679863609872,0.9201047086925933,401969,2626168,3028137,1.1087982898622046,21.645055028884098,3.1264546687624737,4.2673184548469285,1.1027150418436757,128016,611927,11,20,32.0
37.961611365962064,32.33735722115475,0.9368060332166355,422988,4272232,4695220,1.7192260147169103,13.959770149215586,3.2838221596641666,4.476704988532461,1.7084477133631737,128016,948332,12,20,32.0
38.598784160768965,32.26506736004062,0.9260276387622454,502391,4036328,4538719,1.6619207999390702,14.441121382486996,3.8711537049704496,4.5383551341984765,1.649559907031618,128016,883446,13,20,32.0
23.44116226194382,34.4310121975757,0.9622050600295692,321479,2635263,2956742,1.0826559277746532,22.167707564609966,2.458973056198434,4.419541600389101,1.0740722838852301,128016,592485,14,20,32.0
27.655575767872765,33.712976562906405,0.9247077470168162,358551,2403954,2762505,1.011533104260405,23.72636140025086,2.793827251333922,4.191682812766029,1.0061433956650638,128016,570208,15,20,32.0
21.00707101553712,34.90714857270389,0.9473826029121605,265278,1905988,2171266,0.7950419771747281,30.187085322572177,1.9538502646180038,4.050515309024307,0.7865291301272394,128016,468556,16,20,32.0
55.703818882991186,30.671953907757384,0.9088889259110778,572468,6557336,7129804,2.610685871297338,9.192986511270155,4.437126569631474,4.461340524801548,2.5892495666487743,128016,1457687,17,20,32.0
33.86919518360986,32.83275484018673,0.9160108153426639,322505,2718472,3040977,1.1134998506046119,21.55366252359028,2.490059308243294,4.370168868098412,1.1063370505216545,128016,618431,18,20,32.0
49.46194518653918,31.18809169037362,0.9147303751846027,431644,5043921,5475565,2.0049611718457068,11.970306625891574,3.32251342102193,4.255553168886209,1.9826070170558097,128016,1172393,19,20,32.0
26.137494409878453,33.95816407926321,0.9473306670280338,444452,2784434,3228886,1.1823055809430072,20.299320570624047,3.4425780851959957,4.4464878578918645,1.173656187356514,128016,621740,20,20,32.0
34.66376883553618,32.732045810389664,0.8961435817948717,371392,3302243,3673635,1.3451571727362204,17.841781233029412,2.8753861060752355,4.334962762313404,1.3302473949822768,128016,753137,21,20,32.0
45.058033029074494,31.59308131830396,0.9200904819840433,433835,4471964,4905799,1.796332709387889,13.360553907732461,3.354857222771163,4.372745968752963,1.7818950198406018,128016,1014670,22,20,32.0
20.233401366821337,35.07011464223085,0.9368156417647061,307729,1576494,1884223,0.6899368291854143,34.78579340131184,2.348220284170447,4.089979632745563,0.680956531054495,128016,381197,23,20,32.0
29.006988140154355,33.50577723482582,0.9310518860695862,412091,2409772,2821863,1.0332679362345332,23.227276448218785,3.2061450431177296,4.435611094408707,1.0281418005044998,128016,540495,24,20,32.0
17.338946279176042,35.74057659829472,0.9263121652944273,302291,1130413,1432704,0.5246062992125984,45.748592870544094,2.290088506592794,3.6424909079069825,0.5160512534788722,128016,306431,25,20,32.0
41.233990038354584,31.978249991978416,0.9302619808472755,492089,3798306,4290395,1.570993201045182,15.276959813723444,3.7866651979586647,4.396674056152062,1.557003490007947,128016,856883,26,20,32.0
37.37958939214629,32.40445834443196,0.9230697830443341,454397,3475191,3929588,1.438878245688039,16.679660055965154,3.47780572614178,4.277681282867208,1.4202792691199135,128016,802673,27,20,32.0
23.154148578107424,34.48451545074952,0.8924515872799107,335999,1615895,1951894,0.7147155921916011,33.579790705847756,2.6023305960315537,3.981668319536636,0.7090416868519598,128016,402660,28,20,32.0
10.864745300392139,37.770608111529945,0.9381439187674191,217317,666846,884163,0.32374969242125984,74.13134455977008,1.4529978299626098,2.923708846673282,0.30900568990280103,128016,225019,29,20,32.0
19.660482259053556,35.19486194275301,0.9077628850489496,374563,1320752,1695315,0.6207652998453318,38.66195485794675,2.9095192047617537,3.681628692480853,0.6114553197539134,128016,352405,30,20,32.0
30.628681302532495,33.269520619184036,0.9403962057369472,362540,2926643,3289183,1.2043842420088113,19.927195294393776,2.8250104987864066,4.303786278235436,1.1931032261249965,128016,673065,31,20,32.0
22.0551621721113,34.69570105364497,0.951561546017205,307343,2330779,2638122,0.965988382311586,24.845019297818677,2.3322135718940697,4.402983140544762,0.9594343340432764,128016,527293,32,20,32.0
36.01531693303962,32.565931199680406,0.9127999562943382,359697,3362321,3722018,1.3628733420041246,17.609853579429224,2.797863269996888,4.233313579245895,1.3492555158108526,128016,785828,33,20,32.0
18.059143974190725,35.563832004992996,0.9282125033417011,355301,977589,1332890,0.48805788924821897,49.17449451942771,2.764346029822839,3.3847059814892657,0.48413152009086213,128016,286077,34,20,32.0
29.039669479791588,33.5008869181229,0.9083675780474909,463415,1773466,2236881,0.8190679045978627,29.301599861592997,3.56678885405315,3.8068038946405816,0.8117608802598886,128016,462414,35,20,32.0
22.09165199564898,34.6885216759636,0.8954166747977769,318568,1472514,1791082,0.6558318393794526,36.59474663918235,2.4518382643913474,4.090762377026974,0.647109432991903,128016,355285,36,20,32.0
39.26990852217691,32.19020471269508,0.916670714845338,352506,4452362,4804868,1.7593752929321336,13.641205544044082,2.7402726750134083,4.270853502228112,1.7425044620164698,128016,1032111,37,20,32.0
38.638990194585055,32.26054592986,0.8942017491483435,313591,3029928,3343519,1.2242801925149982,19.60335562621298,2.4262089296516858,4.117754134658406,1.209881736150468,128016,726999,38,20,32.0
21.057379424251657,34.89676038292039,0.9320663688188752,412204,1588683,2000887,0.732655122211286,32.75756801858376,3.2031918831538153,3.891412698120562,0.7261838792468317,128016,404263,39,20,32.0
16.677370650934257,35.909527799020566,0.8165233012943803,244963,721812,966775,0.3539993291854143,67.79673864135916,1.7367067085539771,3.0338856181592844,0.3433779947988852,128016,235817,40,20,32.0
23.146175087489063,34.48601126880743,0.8889289723113349,383381,1253011,1636392,0.5991897497187851,40.05408972911136,2.9827563927801535,3.7169490136415178,0.5905189311765277,128016,331151,41,20,32.0
31.981226467785277,33.08185246111296,0.9323505390232031,409999,2986441,3396440,1.2436580193100863,19.297909575908893,3.1926838167750575,4.567826712221808,1.23508223332365,128016,648953,42,20,32.0
21.852606558945755,34.73577114222733,0.9396177853128247,335045,2273629,2608674,0.9552055504780652,25.125482141501774,2.581092625350205,4.230729312818118,0.9498188483475819,128016,535024,43,20,32.0
24.517604000671792,34.2360233466796,0.8923190723969897,291559,3024345,3315904,1.214168541432321,19.766613267452858,2.107652777983431,4.57058019854305,1.1998141376603915,128016,657879,44,20,32.0
11.947116107556868,37.3581727648138,0.9454591015093143,305035,553678,858713,0.3144307889248219,76.32840308694523,2.3406930277113394,2.5809456334979646,0.3090702815631404,128016,210941,45,20,32.0
14.15753267657949,36.62092788186028,0.9086383073126209,201510,617672,819182,0.2999559137139108,80.01175807085605,1.2963396657353814,2.800941791042371,0.2833873231560694,128016,217063,46,20,32.0
55.15571442241595,30.7148984656573,0.9212965920451804,517326,6287075,6804401,2.491534627507499,9.632617478011658,4.021507087860273,4.64362829278651,2.476791686343988,128016,1345784,47,20,32.0
35.12121604916573,32.675108162107435,0.9309778234058785,403074,3332660,3735734,1.367895663432696,17.545197811193194,3.131979295532474,4.329063115814329,1.354158491768617,128016,761660,48,20,32.0
34.973550791502625,32.69340633309287,0.8917421163527982,453834,2762237,3216071,1.1776131743297713,20.38020678026076,3.47629695613074,4.303718806245651,1.166784981278753,128016,637002,49,20,32.0
33.87201026141263,32.83239388624488,0.9231287911083083,400704,3625106,4025810,1.4741113903730783,16.28099488053336,3.121302357253486,4.4390305112053206,1.4639157961866003,128016,810625,50,20,32.0
27.88624639693476,33.67690300485234,0.8649174156810152,270384,2052995,2323379,0.8507404592004124,28.210718957174013,2.0106095075070605,4.649280775835787,0.8398631136752548,128016,437978,51,20,32.0
29.10021940616798,33.4918409743084,0.944385951265155,310467,2565106,2875573,1.0529346673462692,22.793436994991957,2.368540780346247,4.263241601184814,1.043824874316877,128016,597546,52,20,32.0
13.234467151566992,36.91373900518997,0.9487209100125155,241017,1107958,1348975,0.49394765595706785,48.588144331807484,1.6869620707088029,3.5995030262298253,0.4800737805074628,128016,304244,53,20,32.0
22.425425337457817,34.62339671918377,0.934069893180775,429766,1694549,2124315,0.7778501564257593,30.854271612260895,3.3379377556254344,4.07337621863182,0.7712306185605613,128016,412171,54,20,32.0
32.159010153027744,33.057776880705326,0.8959844294647179,392297,2438459,2830756,1.036524243063367,23.154306482084646,3.039805992576909,4.316201571975857,1.029926849290614,128016,561511,55,20,32.0
32.46397752527028,33.01678631839509,0.933598387804722,363193,3075323,3438516,1.259064784870641,19.061767343819252,2.8271439827684977,4.710184739265046,1.2499401483392885,128016,647889,56,20,32.0
19.47394673810305,35.23626383005964,0.9178753198562072,370005,1233016,1603021,0.5869704519356955,40.8879184988843,2.880663015803305,3.6768511872091696,0.5788893987784025,128016,329679,57,20,32.0
43.38481749839864,31.75742585969681,0.9557521246704304,375566,4975225,5350791,1.9592732793166479,12.249439755729574,2.9262093997510066,4.4331406748714,1.9476531411438258,128016,1115339,58,20,32.0
33.30350185718973,32.90590458974406,0.9330136841324718,438848,3217316,3656164,1.3387599011061118,17.92703828384066,3.3829989166627894,4.302658741549654,1.3247369710677828,128016,740191,59,20,32.0
35.35397150063273,32.646421533735214,0.8956000276211689,401495,2324249,2725744,0.9980725065616798,24.04634918026051,3.0903992224294212,4.140561371060571,0.9915737028940782,128016,558469,60,20,32.0
24.84226178270685,34.178892268902885,0.8985107498809667,322766,1492673,1815439,0.6647505243485189,36.10376994214623,2.4952413223382623,3.839666762294051,0.6579678217410547,128016,384795,61,20,32.0
11.587743060437758,37.490815040109524,0.9746708855539685,188189,1126020,1314209,0.4812175577662167,49.87349196360701,1.0313043662660075,3.7126422462517925,0.4561812696406155,128016,300005,62,20,32.0
27.755547280222785,33.69730565754254,0.9266809287306975,367252,3195064,3562316,1.3043960325271842,18.399319992948406,2.859167749763567,4.274870652184169,1.2917946953351438,128016,739644,63,20,32.0
23.94277521950381,34.33905872581037,0.9426046942353524,310558,2334190,2644748,0.9684145927071616,24.782774010983278,2.373267257836838,4.11850014851248,0.9604275702987033,128016,563098,64,20,32.0
29.81884515412136,33.385895410971614,0.9236392706876186,450147,2450898,2901045,1.062261626476378,22.593304136957542,3.468496195652609,4.190509989605255,1.0541383149748897,128016,581036,65,20,32.0
20.053275689171667,35.10895036403787,0.9367060782401017,355238,1811024,2166262,0.79320968667979,30.256816580819866,2.7633208399599773,3.964102694374064,0.7878194448333558,128016,453518,66,20,32.0
33.558442401731035,32.872785658039675,0.9347319367630528,355666,3821477,4177143,1.5295242635686164,15.69115349893456,2.7643796051214364,4.342408996501822,1.5190644203474615,128016,873868,67,20,32.0
30.77034706599175,33.24947966083077,0.9179057308535095,364340,2995910,3360250,1.2304065019216348,19.505748679413735,2.8338733486500405,4.113656134802656,1.2174917331090547,128016,720089,68,20,32.0
45.561172040994876,31.544854732837283,0.9454106551642648,471676,5041400,5513076,2.0186963934195727,11.888860592525841,3.6182725309173613,4.421549473556382,2.0031696355016524,128016,1132516,69,20,32.0
20.94685588617829,34.919615160838035,0.9325321935427059,390694,1600197,1990891,0.7289949352034121,32.922039428577456,3.042742255372348,3.864897961625494,0.7227577927171526,128016,409930,70,20,32.0
22.890800271059867,34.53419384828144,0.8823718350666278,280365,473667,754032,0.27610025309336333,86.92494748233497,2.1286586924606583,2.3184816739890226,0.2681814443433348,128016,198364,0,30,48.0
30.25870301368579,33.32230052054208,0.8986194513485027,222679,976456,1199135,0.439081467355643,54.659560433145565,1.528529167479661,3.4192639834679595,0.4254518192317097,128016,282586,1,30,48.0
28.999036375335894,33.50696794135416,0.8957068584535316,227839,805178,1033017,0.37825484216816646,63.44928689460097,1.625782427821695,3.227850914365738,0.3683465232012194,128016,247171,2,30,48.0
61.38050285218254,30.250499188536715,0.8507494462104456,352222,1523036,1875258,0.6866541584645669,34.9520929920043,2.7272357807734857,3.649170610334651,0.6793112881752762,128016,412717,3,30,48.0
31.95719529199475,33.08511704201554,0.8158282779892202,243838,690423,934261,0.3420938349503187,70.15618975853643,1.763070341277422,3.0152998040716668,0.3328335778259947,128016,226601,4,30,48.0
39.703291605150916,32.142538473870495,0.8665154299381815,368138,1219363,1587501,0.5812875685461192,41.287653992028986,2.8657104478276825,3.603265396278902,0.572498368195163,128016,332099,5,30,48.0
41.83746208969973,31.91515029030411,0.8878408799514989,213965,1926748,2140713,0.7838545328318335,30.617925896652192,1.4013034415503265,4.115864618778222,0.769127650807304,128016,466756,6,30,48.0
118.07747371422322,27.409133080870248,0.9260974746271655,487535,5629527,6117062,2.239855027887139,10.71497918445162,3.7769006617173706,4.519017962050217,2.2250862681045467,128016,1237708,7,30,48.0
23.07726927200506,34.498959433106904,0.9295257379931662,206364,753161,959525,0.3513446317257218,68.30899872332665,1.3991035518595796,3.1134135026658223,0.3388181292571413,128016,239675,8,30,48.0
50.3054195862236,31.114655851638634,0.7978407964669935,386308,1169316,1555624,0.5696153215223098,42.13369811728283,2.9941950418948595,3.5935831724958756,0.5619364663593683,128016,320390,9,30,48.0
71.4084995967301,29.59330452897559,0.8915234189163536,369369,2894248,3263617,1.1950228633530184,20.08329776441292,2.871804903432052,4.2660089245848125,1.1861472658676453,128016,673168,10,30,48.0
50.41092910261217,31.105556590572313,0.8815470225394986,345307,1758093,2103400,0.7701918119610048,31.16106874584007,2.6849423802621306,3.9876445763633424,0.7665193243220102,128016,438769,11,30,48.0
63.24340133752812,30.120651418848396,0.9013904573337076,360990,3053573,3414563,1.2502940306289838,19.195484751635863,2.8123071842490392,4.339644575920024,1.2396422738105068,128016,697166,12,30,48.0
62.87804307664667,30.14581343966313,0.8965682880713661,433346,2905440,3338786,1.2225471327802775,19.63114497305308,3.352479490608934,4.361338788712488,1.2112900343654176,128016,660089,13,30,48.0
38.92257974589114,32.22878743755769,0.9455510651978462,281216,1967598,2248814,0.8234373535339332,29.146115241189356,2.0863547196291368,4.199665785495178,0.8135381620957972,128016,465440,14,30,48.0
43.6733784741751,31.728635716042675,0.8858893538508804,307522,1620536,1928058,0.7059876792744657,33.99492753848691,2.3719300564676575,3.8869988664423927,0.7000848855388563,128016,413762,15,30,48.0
34.87378359931571,32.705812925523645,0.9202029092768629,233283,1294706,1527989,0.5594963471362955,42.89572241684986,1.6354586675434688,3.7253330659682606,0.5423955985601134,128016,341425,16,30,48.0
93.66141353912792,28.41519652995085,0.8673635044524503,499354,4593361,5092715,1.8647748377155982,12.870186531152832,3.874817855964706,4.265565775624035,1.8450682285255862,128016,1065007,17,30,48.0
52.494141967605614,30.929695194256148,0.8837006198605936,275585,1834184,2109769,0.7725239179086989,31.066999278120022,2.068552441229281,4.106138831415818,0.7655373655518075,128016,444671,18,30,48.0
81.7387960782246,29.00652124121088,0.8713379450716564,364319,3522913,3887232,1.423368953880765,16.86140472192038,2.830537227652677,4.1490983189590045,1.406663580914626,128016,838557,19,30,48.0
41.69305802106768,31.93016610789124,0.9241743378097906,385558,1962009,2347567,0.8595972622562804,27.92005169607513,2.9947475368618313,4.155779964508835,0.8540067488981061,128016,468967,20,30,48.0
54.08451494832677,30.80007421734292,0.8483850430346811,312165,2202789,2514954,0.9208885510404949,26.061785623116766,2.40744298017967,4.11250220570069,0.9158837448647957,128016,533275,21,30,48.0
73.417525446038,29.472806184449972,0.8824356140257666,368786,3129130,3497916,1.2808149957817774,18.738069181764224,2.872232785574991,4.248518863191962,1.2693713733328873,128016,729424,22,30,48.0
29.62124216894763,33.414770941301185,0.9143878812573667,268381,1115788,1384169,0.5068344728393326,47.352737996588566,1.9821901660483696,3.680436478419881,0.49650867842717195,128016,299480,23,30,48.0
45.622421098729845,31.53902032099174,0.9014262132688869,353351,1698790,2052141,0.7514225516732284,31.93941936738265,2.74548259312035,4.105713533858701,0.7458200696307818,128016,410495,24,30,48.0
26.90796914545838,33.83199439849002,0.9057613468595352,264602,792021,1056623,0.3868985370969254,62.03176724337819,1.9376381783995629,3.157368087379388,0.3785533975207575,128016,248873,25,30,48.0
66.90180670775528,29.876425146604216,0.9005331917617866,423366,2706352,3129718,1.1459937136764153,20.94252325608889,3.276657533554589,4.219840281630537,1.1358289613520407,128016,635686,26,30,48.0
60.95435360618985,30.280756307392586,0.8789219910290961,384336,2335038,2719374,0.9957400344488189,24.1026765718875,2.9778639536590874,4.1216554884004575,0.9909474564368512,128016,564111,27,30,48.0
34.16065106119547,32.79554221638118,0.8605673891311284,288217,1032437,1320654,0.4835774922665917,49.630101449736266,2.188485411251268,3.4478437643644475,0.47645237848235406,128016,296137,28,30,48.0
14.765842257999001,36.438221362807546,0.9243997054201766,191517,459044,650561,0.23821277711379826,100.75026323434697,1.146191503970655,2.319803075929485,0.2140238659245819,128016,188710,29,30,48.0
29.75229268216473,33.39559923211809,0.8764717217997501,317324,878996,1196320,0.4380507124109486,54.78817707636753,2.447992940720596,3.244074132020781,0.434382094749474,128016,269081,30,30,48.0
49.15607375249969,31.21503173710448,0.9129028470132879,310937,2045338,2356275,0.8627858285292463,27.816868574338734,2.3915126375887037,4.0597441848434395,0.8567025453696566,128016,500896,31,30,48.0
36.86879057110049,32.464214694487275,0.9312533214734872,268399,1712813,1981212,0.7254508225534309,33.08287654223778,1.958099146126471,4.110733225898658,0.7142688992711094,128016,413553,32,30,48.0
57.97927200017966,30.498076029067054,0.8760072304999511,306157,2334554,2640711,0.9669363839285714,24.82066079930746,2.3547396929931135,4.041508350236194,0.9599510090506154,128016,574090,33,30,48.0
24.270908885412762,34.27994320978966,0.9082912425181785,304946,676451,981397,0.3593533962551556,66.78662355805041,2.3349373127674715,2.8693358312695194,0.35499464086144983,128016,233707,34,30,48.0
46.303003018177414,31.474712024216565,0.8677194090324147,394963,1207384,1602347,0.5867236566132359,40.905117306051686,3.0470079600857285,3.4089377130592053,0.5761967049993243,128016,347185,35,30,48.0
32.03289542420479,33.074841649476866,0.8658624840493734,274478,998868,1273346,0.4662549505530559,51.47398429020863,2.050172185825259,3.6050920998185663,0.4587788323289638,128016,274743,36,30,48.0
66.2580220685305,29.9184189366764,0.8735195472674137,299035,3177128,3476163,1.272849804907199,18.855327555123278,2.297222962464014,4.149496531542958,1.25640576811966,128016,756037,37,30,48.0
60.787757365290275,30.292642395569235,0.8505611805002943,271247,2017004,2288251,0.8378778092191601,28.64379475852955,2.0575791941318995,3.941963747790229,0.8306480867913885,128016,508656,38,30,48.0
32.47663768591426,33.015093005832696,0.900602286571873,353202,1108302,1461504,0.5351518560179978,44.847083552285866,2.7462418448594508,3.487575848790268,0.5286903962014187,128016,313196,39,30,48.0
22.93279514377109,34.526233693069905,0.8152994975036917,216911,507236,724147,0.26515740708192725,90.51227444151533,1.4376444294950392,2.460524031601539,0.24772807733397184,128016,200163,40,30,48.0
32.876297323186165,32.961974614481385,0.8616095146282938,325660,805283,1130943,0.4141119322975253,57.95534522960043,2.5198493768326378,3.131345878483723,0.4109122539004239,128016,255361,41,30,48.0
48.12998668135233,31.306646193695666,0.9021590382090894,358616,1995046,2353662,0.8618290389482565,27.8477504416522,2.7757418552385116,4.245557288672156,0.8563187096953992,128016,467141,42,30,48.0
36.09057254073709,32.55686589107365,0.9112824171035419,288686,1543571,1832257,0.6709086901246719,35.772379093107574,2.1626100906752654,3.9035475609159613,0.6617077353273381,128016,392023,43,30,48.0
39.86594510158886,32.12478296501257,0.8281957047738371,261913,1821255,2083168,0.7627835583052118,31.46370911995576,1.8374368505634502,4.210225320784609,0.7492962093496781,128016,430170,44,30,48.0
18.76025494371797,35.398416249113474,0.9248872364625255,261692,389989,651681,0.23862288210067492,100.5771105801765,1.9401967656399193,2.0204603057738755,0.2250062024197348,128016,181205,45,30,48.0
22.240170906371077,34.65942240574406,0.8947292669851343,181513,416751,598264,0.21906343738282716,109.5573058047952,1.0309757382422873,2.1513611375529487,0.1918344078883174,128016,182173,46,30,48.0
91.91661613587364,28.496863332269378,0.8836168240781056,455224,4468900,4924124,1.8030426860704911,13.310832952216476,3.4872160969154207,4.541929609091861,1.7900297549809017,128016,978035,47,30,48.0
56.403202895536495,30.61776594466795,0.8984171738336139,342479,2345337,2687816,0.9841845941132359,24.385669257121766,2.663187669902489,4.164817651410198,0.9797032724530075,128016,560564,48,30,48.0
53.79750956423416,30.82318189430982,0.8501363299481007,381543,1820755,2202298,0.806404814632546,29.761727068725484,2.9620217992879487,3.995163870838361,0.8018469302234864,128016,453214,49,30,48.0
55.32504738177259,30.701585663276557,0.8876153393370619,342790,2579804,2922594,1.070152119656918,22.426718182546054,2.6592100079210312,4.2684368056038675,1.0634099804165644,128016,600632,50,30,48.0
40.95834236540745,32.00737988977382,0.8170495541940682,233557,1179156,1412713,0.5172862913620172,46.395971439351094,1.6421378633752088,3.9662685641051962,0.5056606367054187,128016,295175,51,30,48.0
47.45602319729565,31.367890192291842,0.9189434556498047,271183,1806338,2077521,0.7607158236079865,31.54923199332281,2.0158275128705894,4.026351880057007,0.75272259170279,128016,446467,52,30,48.0
24.362049958598924,34.26366531412418,0.9281167387543965,220642,791290,1011932,0.3705342496250469,64.77134036674401,1.4919643136142358,3.14809350054993,0.357527331641043,128016,249489,53,30,48.0
34.37234481432009,32.76871200997635,0.9075643772394205,367368,1188268,1555636,0.569619715504312,42.13337310270526,2.8640431071978365,3.6417771912160464,0.5628336673175227,128016,321398,54,30,48.0
48.00169363595175,31.318238000804037,0.8613723181393126,331053,1655604,1986657,0.7274445918869517,32.99220348555387,2.564107261052719,3.9969493991572187,0.7213679597330137,128016,410767,55,30,48.0
51.731383918807026,30.99326264050518,0.9096649819426562,312205,2210776,2522981,0.9238277588348331,25.97886864784158,2.3976916496809406,4.455702102202674,0.9173346195570231,128016,493369,56,30,48.0
29.58384035003437,33.420258107279814,0.888741487800003,314019,829962,1143981,0.41888599374296964,57.2948257007765,2.4253771536957722,3.182811757350874,0.4155709644213263,128016,259029,57,30,48.0
72.29607383061493,29.539656480823385,0.9347392929875209,321929,3712080,4034009,1.4771135785761156,16.247904256039092,2.4851065313015948,4.284976248000216,1.4637503634487523,128016,858670,58,30,48.0
52.623600394677226,30.918998025980894,0.9040345090217669,371519,2284460,2655979,0.9725269936961005,24.677978252087083,2.892392724927926,4.0949413250179125,0.9665606744681727,128016,554199,59,30,48.0
52.44563277246594,30.933710311941212,0.8554360901589336,337316,1513065,1850381,0.6775450676087365,35.421997956096604,2.6067086382380467,3.7664606314098403,0.6706761042605424,128016,397700,60,30,48.0
36.04513058914511,32.56233757585042,0.8623528954818401,272023,964120,1236143,0.4526325078505812,53.02314699836508,2.0387928738170533,3.356519003107514,0.44543441362059993,128016,284666,61,30,48.0
19.026077306742906,35.33731103828583,0.9683926338935125,172942,848539,1021481,0.3740307608033371,64.16584547338618,0.8251803937178644,3.2885899138108816,0.34737337717328576,128016,256354,62,30,48.0
47.35641711778215,31.37701523674115,0.8969357530849487,316778,2319447,2636225,0.9652937669900638,24.86289751443826,2.4353940385947244,4.120640178999564,0.9587928011661871,128016,559792,63,30,48.0
37.83027304692382,32.352408849638955,0.9173620011888121,270193,1679209,1949402,0.7138031085958005,33.622717120429755,2.0031788160435484,3.8655520504612406,0.7042057503985925,128016,431181,64,30,48.0
45.76618559887045,31.52535643380403,0.8923920052965367,383113,1758740,2141853,0.7842719611220472,30.601629523594756,2.9791997921112334,3.893170804262301,0.7789535215491116,128016,448463,65,30,48.0
32.03153756171103,33.07502574919049,0.910989542522425,302410,1339406,1641816,0.601175829583802,39.92176468008596,2.32503179315728,3.692001011434774,0.5910021554905419,128016,356552,66,30,48.0
56.754670070538054,30.590787575152145,0.9061310234867367,304699,2779930,3084629,1.129483692468129,21.248646757843485,2.3325083608963246,4.154885563941064,1.117922336964904,128016,662944,67,30,48.0
49.95057807715442,31.14539842194487,0.8824885009613509,308086,2089428,2397514,0.8778861138451444,27.338398023953143,2.374999900344825,3.938947187736135,0.8715585660002216,128016,527094,68,30,48.0
76.46942386596207,29.295925427173756,0.9138827041001981,400189,3669861,4070050,1.4903105373547056,16.104026240463877,3.1109806073046737,4.292362910995636,1.4760173123808362,128016,846331,69,30,48.0
31.836025989915324,33.101615102936606,0.8972665459037694,333678,1096528,1430206,0.5236916186257968,45.82849743323688,2.593395127988102,3.4449475882433944,0.5175439957949409,128016,313915,70,30,48.0
31.10376998773591,33.20267329215943,0.8624929792670643,250141,359407,609548,0.2231952451256093,107.52917243596896,1.844361036110849,1.87494872668563,0.20791998812119733,128016,176924,0,40,64.0
40.22859032269404,32.08545546437381,0.8729593016732545,202438,689060,891498,0.326435513920135,73.52141227462091,1.3118139906684994,2.952127568546573,0.31106045253077874,128016,230876,1,40,64.0
38.67288671435602,32.25673769934637,0.8747371026695269,205778,604984,810762,0.2968728030089989,80.84270353075254,1.3820593217627268,2.793604451316858,0.2823183340187287,128016,212660,2,40,64.0
82.32554219296807,28.975457612271928,0.8127569348507366,311364,1091610,1402974,0.5137202088020247,46.718037540253775,2.402750161040973,3.292739731697996,0.5057333820399278,128016,326042,3,40,64.0
42.01100765724597,31.89717262411726,0.7878931829836403,221405,491097,712502,0.2608934137139108,91.99159019904505,1.5461946110169116,2.460651506178295,0.24550054046340308,128016,192033,4,40,64.0
53.46415133166948,30.850176834687186,0.837293091389809,327234,880139,1207373,0.4420979360001875,54.286613995840554,2.5372887149564067,3.1992145790077013,0.4389660447099713,128016,273194,5,40,64.0
59.96063846511374,30.35214112268728,0.8400014831206346,200477,1362091,1562568,0.5721579724409449,41.946457370175246,1.2623319435961275,3.8673604301107694,0.5502345157986368,128016,346773,6,40,64.0
168.4963797249953,25.864897867130637,0.9004709576520415,443386,4330166,4773552,1.7479084645669292,13.730696135707749,3.399359734078553,4.4230419731857245,1.7323529057191804,128016,971254,7,40,64.0
31.857099161432945,33.09874133518899,0.9147459528937051,188403,573825,762228,0.2791013428008999,85.9902706276862,1.1733410104180029,2.709799283922942,0.26054959298858876,128016,207158,8,40,64.0
64.23002739891888,30.053422535946357,0.7704325570948928,341731,790740,1132471,0.4146714326724784,57.87714828900696,2.6525813878001174,3.0204728827804845,0.4124473394022602,128016,260497,9,40,64.0
100.12896080860986,28.12520652017309,0.8602910118709243,327322,2183763,2511085,0.9194718580099362,26.101940794517112,2.537833046607487,4.126288067102065,0.9155331382697475,128016,527216,10,40,64.0
65.54879443780464,29.965156522380497,0.8492567044737438,302587,1304215,1606802,0.5883549224315711,40.791704267233925,2.3202729380737313,3.6900890773376434,0.5784580071996873,128016,347618,11,40,64.0
91.62873927868391,28.510486497266395,0.8674083430398203,322581,2323445,2646026,0.9688825517904012,24.770804217343294,2.498330411523774,4.197851993542479,0.9644518654716017,128016,551258,12,40,64.0
89.10454027719192,28.631805270095604,0.8668737052727211,386360,2245488,2631848,0.9636910620547432,24.904246749812298,3.0045436808241406,4.211137529206807,0.959046811755859,128016,530625,13,40,64.0
54.84868822549525,30.739141155249353,0.9298898931041983,256609,1578313,1834922,0.6718845202943382,35.72042408342153,1.845031343233399,4.009539480229299,0.6583860292410155,128016,389537,14,40,64.0
59.74297268017279,30.367935325148352,0.8524077090148486,275799,1197988,1473787,0.5396494627624672,44.47331398634945,2.08784541924179,3.581525488864345,0.5292376953005246,128016,328931,15,40,64.0
49.93672238724066,31.146603269744965,0.894289218615795,212696,929077,1141773,0.41807750105455566,57.405624410456376,1.4149656370359933,3.3620371247594982,0.4035276322408424,128016,273911,16,40,64.0
134.87526974167292,26.83148034615661,0.8317683140750874,452400,3512415,3964815,1.45177714602081,16.531462880361378,3.484675560172004,4.134992821038453,1.4340081434180332,128016,839226,17,40,64.0
73.2012532857221,29.485618441481268,0.8504905382279557,249818,1362801,1612619,0.5904849052071616,40.644561424614245,1.8212995328322819,3.8225202585684896,0.5770662133350912,128016,351291,18,40,64.0
116.23961933957474,27.4772618179915,0.8295961422443182,322130,2620789,2942919,1.0775944266732282,22.271830111532125,2.497734300238849,4.05817417229977,1.0692040317016986,128016,640745,19,40,64.0
58.57321155168104,30.45381323950491,0.9038969201546175,348229,1530626,1878855,0.6879712545697413,34.88517847305939,2.6986096586096133,3.906741828845408,0.6798067939667377,128016,386791,20,40,64.0
73.68499994629578,29.457012733287943,0.81216676753564,274864,1622083,1896947,0.6945959147684665,34.552463511104946,2.0846069923691233,3.8856616556794448,0.6874199378042575,128016,414469,21,40,64.0
102.97305744496782,28.003567529938977,0.8492047375289024,328021,2336578,2664599,0.9756833374343832,24.598144786513842,2.547139033933285,4.118263203922143,0.9712809902121534,128016,564923,22,40,64.0
41.17158048115079,31.984828219960537,0.8961626622763772,242805,855298,1098103,0.40208706821803525,59.688564733909296,1.7221315374145385,3.3193611475051816,0.39154796219753285,128016,255730,23,40,64.0
61.93107624242282,30.211717335939422,0.8776754071982708,317225,1318149,1635374,0.5988169935789276,40.07902290240642,2.4408765223396927,3.8050599893417467,0.5881425780297775,128016,340008,24,40,64.0
37.28220654547088,32.41578752728796,0.8877568860931572,241463,609224,850687,0.31149194729565055,77.04854076763839,1.7071064155084292,2.7627317083762404,0.2998286095868449,128016,217284,25,40,64.0
95.28253585001093,28.340670539232956,0.8712687089104484,377090,2069254,2446344,0.8957659589426322,26.792712717426493,2.9328533624445563,4.0516135663916595,0.8905873260162787,128016,507637,26,40,64.0
86.9477064878609,28.738222302255924,0.8333544887562918,338601,1708390,2046991,0.7495368010639295,32.0197753678448,2.626102974992379,3.9291364150909365,0.7451951536059636,128016,432398,27,40,64.0
47.129242023458005,31.397899057820858,0.832307362927326,259092,746128,1005220,0.3680765490251219,65.20382801774736,1.9131132799410753,3.021940910128931,0.36118522128912195,128016,245369,28,40,64.0
19.955579527168478,35.130160162799775,0.9108215647360786,178518,360750,539268,0.19746115719910012,121.5428914751107,0.9854791501076983,1.9069953254871608,0.16573207718554253,128016,171190,29,40,64.0
40.793825454435385,32.02485927532878,0.8500935664956227,281987,643522,925509,0.33888915741001124,70.8196160167,2.1370189562931565,2.8172543418355276,0.333533788313997,128016,226217,30,40,64.0
68.6600660513139,29.76376143984597,0.8851691984873004,281759,1559657,1841416,0.674262396887889,35.594451226664695,2.13168030655566,3.8332534518726327,0.6658471811134803,128016,403194,31,40,64.0
51.32780643630484,31.027276563765742,0.9140727127282964,248243,1362214,1610457,0.589693256116423,40.69912577609958,1.7626010500708147,3.851207156281638,0.5730127029397063,128016,347751,32,40,64.0
81.72591048189288,29.007205932544228,0.8408838161682238,274155,1763293,2037448,0.7460424868766404,32.16974960833356,2.065099880849925,3.8771928070228237,0.7385496206835835,128016,452033,33,40,64.0
36.99366314562242,32.44953023195062,0.8839496529893935,275179,522950,798129,0.2922470384561305,82.1223035373981,2.0618841187560526,2.4782840857280517,0.2840570045488607,128016,206517,34,40,64.0
64.51421013779527,30.03424976392089,0.8325248583026456,346835,874604,1221439,0.44724841523715786,53.661453416830476,2.6929892568770795,3.050941945756358,0.4437074137964113,128016,284182,35,40,64.0
42.39583113634233,31.857572071877982,0.8428933775957623,248415,753604,1002019,0.36690445432602176,65.41212491978695,1.7904059531135383,3.192846960400808,0.35736709347426565,128016,233889,36,40,64.0
95.87391529672072,28.313798974265293,0.8354319859396985,265489,2400146,2665635,0.9760626845472441,24.58858470870918,1.9934559850139288,4.064231728079704,0.9672564638852668,128016,587169,37,40,64.0
83.90525097936977,28.892912200629898,0.8186596884800071,239664,1468865,1708529,0.6256038063601425,38.362937942522485,1.761943214066422,3.7553058511026296,0.614411517201792,128016,386761,38,40,64.0
45.53148959407418,31.547685020838955,0.8742271768702364,314271,829858,1144129,0.41894018618766404,57.28741426884556,2.4221744189482712,3.1327896202556693,0.41531416656266895,128016,263072,39,40,64.0
31.25386108962942,33.18176683305025,0.7937462127417553,199915,397731,597646,0.2188371473097113,109.67059429829698,1.2494443015016525,2.058315112623137,0.195209729632611,128016,181299,40,40,64.0
43.018227579950945,31.794278480778388,0.8407930736195247,290322,603642,893964,0.3273384772215973,73.31860343369532,2.212575778076588,2.7169425431834733,0.32181041938934246,128016,219225,41,40,64.0
64.31180880222003,30.047896363609333,0.8821200385212861,323461,1519127,1842588,0.6746915424634421,35.57181095285544,2.469382679645069,3.9531883885896972,0.6648863520683966,128016,379362,42,40,64.0
49.65955036870391,31.170775778538516,0.8826443739109812,263454,1146168,1409622,0.5161544748312711,46.4977078961594,1.9321445498280438,3.573834783226244,0.5038177393550608,128016,315791,43,40,64.0
52.98258347589364,30.88947229821577,0.7789574014639561,241959,1266184,1508143,0.5522294332349081,43.4601970768024,1.6507943219514614,3.755118473901008,0.5329699824910159,128016,331339,44,40,64.0
23.48688079029184,34.42255017377392,0.9071020956680629,235101,309015,544116,0.199236325928009,120.45996074366495,1.6755208793456704,1.6344818474649923,0.17787088087337444,128016,165969,45,40,64.0
24.806963216512,34.18506758185114,0.8905431274430778,168784,324692,493476,0.18069372187851518,132.82143812465046,0.8330621694382961,1.7232530644443715,0.14328452485362295,128016,165191,46,40,64.0
130.51493941675258,26.974201347498315,0.8486802972230514,403456,3440469,3843925,1.4075114389998125,17.051371189604378,3.1234903093077215,4.414354560830286,1.3935661425877042,128016,771570,47,40,64.0
80.14597198787652,29.091986605956777,0.8672565946814824,305238,1777596,2082834,0.7626612591394826,31.468754591100396,2.3487489012773737,3.99273192179393,0.7577355389636797,128016,442981,48,40,64.0
73.31474068671103,29.478890580510523,0.8147095563724528,336214,1347215,1683429,0.6164130606721034,38.934931024712064,2.6141944795846834,3.70311908895205,0.6080326365584978,128016,358045,49,40,64.0
78.03475383448163,29.20792296164397,0.8555016015075156,308247,1981798,2290045,0.8385347095284964,28.621355475547425,2.360263524805101,4.104946473888538,0.8334184581705318,128016,480864,50,40,64.0
52.420808604979065,30.935766450972373,0.7889465619391306,212725,832459,1045184,0.38270997375328086,62.71067295327904,1.4177273030532742,3.3864861000351616,0.36970492713663483,128016,244553,51,40,64.0
66.51975009471472,29.901297519002583,0.8943187516507574,248003,1388379,1636382,0.5991860880671166,40.05433450135726,1.796299032938602,3.799195371192285,0.5857592203812524,128016,360539,52,40,64.0
32.08955155019685,33.06716712972649,0.9255386499650444,196326,618570,814896,0.2983865298087739,80.43258526241385,1.1727097289990833,2.7888889580649585,0.2783365301255416,128016,218730,53,40,64.0
48.823901284800336,31.244478820020753,0.8813804103575342,329776,909278,1239054,0.45369841465129357,52.898575848994476,2.556557373621567,3.290596300205187,0.45011665355186903,128016,274112,54,40,64.0
64.59363160659605,30.028906585763835,0.8312670890331931,294241,1251177,1545418,0.5658782398293963,42.411950682598494,2.2523310075732534,3.7060392038305277,0.5554024651381604,128016,331479,55,40,64.0
71.77854879956412,29.570856872372605,0.8842129279334872,279818,1712578,1992396,0.7295460137795275,32.89717104431047,2.1031765976437513,4.181141454541779,0.7204325374878289,128016,406173,56,40,64.0
40.64417802266904,32.040820159491645,0.8623456748154569,281647,621464,903111,0.3306877900028121,72.57600892913496,2.1376587735548753,2.7676890575370674,0.3250841795820201,128016,221901,57,40,64.0
103.79366336532152,27.969095203562144,0.9134789479909138,289262,2946640,3235902,1.1848745957536557,20.255308102655768,2.1949442263288463,4.201811930137745,1.1720883122172647,128016,694937,58,40,64.0
73.78896070608361,29.450889673787874,0.8772580467665637,330237,1754176,2084413,0.7632394339379452,31.44491614665616,2.5633871973843965,3.898990138497715,0.7582578366163389,128016,446950,59,40,64.0
69.22530972690913,29.72815453331676,0.8229025939284781,298947,1106799,1405746,0.5147352186445444,46.625913927551636,2.2905742948003907,3.423954109846649,0.5059962446477706,128016,317951,60,40,64.0
48.58498644700662,31.265782749503707,0.8246614116830111,249524,689275,938799,0.3437554924775028,69.81706627297217,1.8231635012678626,2.9168594399781123,0.33584856753628534,128016,234434,61,40,64.0
28.889162536323585,33.52345408539986,0.9616581032158765,165469,692314,857783,0.31409025531964757,76.41115760046537,0.7262066380196165,2.9740030494069885,0.28539409508307656,128016,230816,62,40,64.0
70.81001202974628,29.62985692699936,0.8608657539673802,282161,1800155,2082316,0.7624715855830522,31.476582804915296,2.11802607328386,3.9788577234329474,0.7552326164831614,128016,450231,63,40,64.0
55.15996035163573,30.714564155300156,0.8911344252223893,246865,1306376,1553241,0.5687427499296963,42.19834011592535,1.7778426257722917,3.639841973061805,0.5535276760138992,128016,352789,64,40,64.0
62.550111411854765,30.168522732891407,0.8647913775513606,338471,1382252,1720723,0.6300688244047619,38.09107683223854,2.6286250630742525,3.6505403776530696,0.6217460192801025,128016,372955,65,40,64.0
46.55347561535277,31.45128250540427,0.8881548975023404,269868,1032726,1302594,0.47696454935320587,50.318205058521684,2.0310050291657014,3.4364234443738013,0.4693005569810799,128016,297304,66,40,64.0
80.43395674173541,29.076409276392535,0.8778980095526706,273613,2152689,2426302,0.8884272766685414,27.01402875651918,2.048168587087403,4.009580195025912,0.8800187445330031,128016,534006,67,40,64.0
70.4541579519357,29.651737321621315,0.8518834856078991,274080,1571928,1846008,0.6759438273340832,35.50590896680838,2.0747662089835925,3.7666948739077535,0.6678914066401372,128016,413735,68,40,64.0
111.21840714734877,27.669036899802077,0.8832562070269478,355643,2836718,3192361,1.1689313982236595,20.531572713737575,2.768911141301175,4.188763081312959,1.1597146608229978,128016,671493,69,40,64.0
45.52486224866423,31.548317205082675,0.8622292230704706,298718,804019,1102737,0.40378387760123735,59.437737193909335,2.296654338075589,3.0626180132927416,0.4005278947233514,128016,261161,70,40,64.0
38.99014503069929,32.22125510242242,0.8422258204880827,227989,294705,522694,0.19139233572365955,125.39687082690828,1.6360897996547816,1.5490753577921224,0.1699660791102255,128016,164442,0,50,80.0
52.53776627530934,30.92608756729421,0.8433400577938092,190659,523133,713792,0.26136576677915263,91.82533847395318,1.1929424938093198,2.5265382906840106,0.24188517475145843,128016,201016,1,50,80.0
51.95726168994501,30.974341065401344,0.8532010404267621,192694,486666,679360,0.24875796775403075,96.47932171455487,1.2279975333823299,2.435429201005111,0.2288775169281676,128016,192107,2,50,80.0
103.43350916584646,27.984191017208552,0.7751323766341395,283686,820055,1103741,0.4041515074287589,59.38367062562685,2.1669344592919755,2.968853738756492,0.3998195076038971,128016,274351,3,50,80.0
50.41437496094238,31.105259737064614,0.7708234817605777,203955,386222,590177,0.21610225967847768,111.05853328747139,1.3490564337346653,2.0417386026017623,0.19327168898344835,128016,173933,4,50,80.0
67.94610805485252,29.809157754242563,0.808113091047684,298858,687825,986683,0.3612889453271466,66.42882465797018,2.297541601627663,2.8620621750641537,0.3578644484409717,128016,238712,5,50,80.0
76.0024679532246,29.322526659415296,0.8065657211289463,186178,981929,1168107,0.4277200945584927,56.111462391715826,1.080783994973919,3.498014675132484,0.40685107801911363,128016,278088,6,50,80.0
219.98159666076896,24.706940109683696,0.8735798300678468,404363,3494478,3898841,1.4276197653027747,16.81119902042684,3.1109030354620772,4.326619071759368,1.4123389827041442,128016,799438,7,50,80.0
44.7579917988767,31.622097684948848,0.8959771605270174,178674,464914,643588,0.23565950740532435,101.84184913329645,1.0445483141038572,2.3667057638145303,0.21133902059029042,128016,187370,8,50,80.0
78.2024038987314,29.198602576302115,0.734086933621752,309135,613973,923108,0.3380099948443944,71.00381753814288,2.3873152258431243,2.660195718967106,0.33466570032827475,128016,228690,9,50,80.0
129.30663244731127,27.014595594105998,0.8302601292312585,297531,1728835,2026366,0.7419846444975629,32.34568286281945,2.2896056330610044,3.96662323155774,0.7369475150712106,128016,433493,10,50,80.0
85.80295614903606,28.795781101159662,0.8159525757644638,279677,999529,1279206,0.46840067843082117,51.2381836858176,2.1189902626147368,3.3867345853895023,0.46173324985644326,128016,292238,11,50,80.0
121.25615364973909,27.29376572947748,0.8353347967681851,295620,1853523,2149143,0.786941305188414,30.497827273475984,2.2649728741978152,4.04482109700505,0.7818714656358895,128016,456224,12,50,80.0
116.74607837106299,27.458380598131637,0.8397189754683615,352737,1820776,2173513,0.7958647503046494,30.155877604596796,2.7428373471397194,4.0624301873843,0.7915107544842874,128016,445668,13,50,80.0
75.8758385182321,29.329768572876745,0.9114642469939344,240508,1315348,1555856,0.5697002718410199,42.127415390627405,1.6817135249877917,3.821186688620213,0.5516584636467393,128016,337931,14,50,80.0
77.29627473323647,29.249217971149744,0.8200419853049016,253694,913681,1167375,0.42745206165635546,56.14664696434308,1.8808865054645652,3.2759678341635503,0.42024028136078323,128016,276833,15,50,80.0
64.0364848192804,30.066528768693903,0.8731193605917104,198040,705859,903899,0.33097632815429323,72.51273870200099,1.243335837881209,2.990649862802792,0.31412737372730815,128016,233634,16,50,80.0
177.69769672345643,25.633985622509936,0.7983457263602052,417098,2822404,3239502,1.1861927903543308,20.232798744992284,3.186477309749725,4.0471913157907995,1.1708469519609968,128016,689286,17,50,80.0
95.56958749296963,28.327606494004712,0.8218809597990849,230796,1051002,1281798,0.46934977854330706,51.134571906025755,1.6247449410171333,3.5269668324311403,0.45656238895278645,128016,294554,18,50,80.0
153.09128094827992,26.281299039637585,0.789900252615368,293702,2031713,2325415,0.8514859714801275,28.186019269678745,2.2586761235030393,3.951110744591942,0.8466985805863187,128016,512057,19,50,80.0
77.41726864220098,29.242425159535014,0.7664147782013369,319456,1251624,1571080,0.5752747703412073,41.719194439493855,2.4556357414918395,3.677040975694357,0.5650735571180758,128016,334198,20,50,80.0
93.67975279945476,28.414346248110157,0.7700781980296973,248475,1267760,1516235,0.5551924417650919,43.22825419542485,1.858139734415147,3.649531870423388,0.5426743987254554,128016,340914,21,50,80.0
132.94854671486377,26.893967665276275,0.819566994907026,297172,1827414,2124586,0.7779493871859767,30.850336018405468,2.2847483260440287,3.960703869703151,0.7733292352810993,128016,459384,22,50,80.0
54.14331448315054,30.795355224795607,0.8804750606398631,224469,689965,914434,0.3348338781871016,71.6773348322569,1.5240157847689713,2.9973640322849624,0.3213261339042908,128016,227682,23,50,80.0
78.7928320483377,29.165936502748956,0.8579339969601424,292012,1057118,1349130,0.49400441155793023,48.582562095572705,2.216713228321374,3.532318713427055,0.48638072929368076,128016,295708,24,50,80.0
49.23537292213474,31.208031291351762,0.872924584336202,225500,496156,721656,0.26424528965129357,90.82470318267984,1.5418036584150274,2.436503417672155,0.248323400388546,128016,197331,25,50,80.0
125.41593311578241,27.14727647142746,0.8445100586027747,345896,1663971,2009867,0.7359432854096363,32.61120860236026,2.6875797537057915,3.8804058521329137,0.7305886720031571,128016,425520,26,50,80.0
112.89204315769122,27.604170277514832,0.7860908978390669,308656,1317998,1626654,0.5956240333239595,40.29387441951392,2.377584737675677,3.695323345382299,0.586535765393389,128016,351110,27,50,80.0
58.75506272165198,30.440350666501548,0.7982429683921071,239432,580741,820173,0.3003187833942632,79.91508133040224,1.7153109534708937,2.6548855880442854,0.28998792413540114,128016,215592,28,50,80.0
25.644074031761654,34.04093338891626,0.8961486038345767,170730,301767,472497,0.1730119428430821,138.71874742061854,0.8879503239906797,1.5948414039509538,0.13549729594439514,128016,160751,29,50,80.0
52.46425300353081,30.93216867196547,0.8250811006048178,258101,504963,763064,0.2794074568803899,85.89606114297098,1.9106150025271762,2.446669148560368,0.26964730082465155,128016,201016,30,50,80.0
90.28195694288215,28.574793966353806,0.8586838559047202,260917,1253812,1514729,0.5546409970238095,43.27123333612811,1.9368672475641602,3.613966044895393,0.5410463624932007,128016,340250,31,50,80.0
67.969965790409,29.80763309527969,0.8962888621233337,235654,1113492,1349146,0.4940102702005999,48.58198593777101,1.6423368310940714,3.6089272319944263,0.47931597706602463,128016,304459,32,50,80.0
105.5023747031621,27.89818125794648,0.8113946947519187,249385,1398677,1648062,0.603462897215973,39.770464946100326,1.8267992616842494,3.7018421245214563,0.5914388145701879,128016,373156,33,50,80.0
49.759183056219534,31.16207119351715,0.8581701443144237,253697,431862,685559,0.25102782562335957,95.60693098624627,1.855261705702096,2.176195466370263,0.2383049606872623,128016,189923,34,50,80.0
81.79362857963068,29.00360885808786,0.8077801283313099,313490,673328,986818,0.3613383776246719,66.41973697277513,2.4281911962535347,2.7305630877698817,0.35888153274980905,128016,245100,35,50,80.0
54.01146475342926,30.805944056621502,0.8170552342515861,229363,606500,835863,0.30606391486220474,78.41499384468507,1.596520161861125,2.8377406508061953,0.29269284651313443,128016,209662,36,50,80.0
128.0417130475878,27.057288850073597,0.7996456156321451,243798,1894348,2138146,0.7829145868485189,30.654684946678106,1.7842172792148905,3.9718476310301227,0.7741616335173956,128016,474800,37,50,80.0
109.74159211543869,27.72709104279457,0.787254438323827,218592,1115758,1334350,0.488592490391826,49.12068947427586,1.5607622506925016,3.5196449023148584,0.4750950105416006,128016,311874,38,50,80.0
57.46774756182821,30.536561854958137,0.8512702856812776,284792,657504,942296,0.34503597206599174,69.55796480086937,2.1582378317087585,2.8128867779231235,0.3397707730860339,128016,231658,39,50,80.0
40.3585843273497,32.071444369403814,0.7818076720852459,188366,329816,518182,0.18974019849081364,126.48874719693082,1.1144397945088222,1.7451084102524184,0.16025812844068976,128016,169044,40,50,80.0
58.10678425938945,30.488535194516174,0.8163570360040607,268059,484121,752180,0.27542211520434945,87.1389720545614,2.0076182448686835,2.374281351798502,0.2658790332080527,128016,197580,41,50,80.0
80.62979005065773,29.065848319126545,0.8608405172840087,299089,1226102,1525191,0.5584718169994376,42.9744156633497,2.248580230421824,3.693515682841892,0.5476327981751736,128016,326988,42,50,80.0
65.55403694655355,29.964809193097345,0.8548166049532463,245578,883253,1128831,0.41333859146512936,58.06377748307763,1.7627052041531492,3.2522051319226923,0.4035914805107114,128016,269527,43,50,80.0
65.30290989016999,29.981478270493895,0.7444196990428854,228018,958498,1186516,0.43446082911511064,55.24088339306002,1.5123100266686238,3.385764340058281,0.418559773110366,128016,280436,44,50,80.0
37.77491937043026,32.35876814845983,0.8878248856607351,217823,262198,480021,0.1757669695584927,136.54442618135457,1.5037430785574353,1.356498020363814,0.14842452505589657,128016,156908,45,50,80.0
39.01303096390295,32.21870668444788,0.8708722339429973,166034,270657,436691,0.15990103287870266,150.09283910133252,0.8238309155957529,1.4049446955343612,0.11843426413879002,128016,155153,46,50,80.0
169.62220225401512,25.835976633875212,0.8216787598334947,366568,2774611,3141179,1.1501903326537308,20.866111737026127,2.848839715471669,4.291562413911706,1.1414422920215297,128016,641396,47,50,80.0
105.75776648524403,27.887680905623565,0.8373630509749107,281153,1411647,1692800,0.6198443944506936,38.71939508506617,2.137483389581136,3.79931547013283,0.610987422046149,128016,367166,48,50,80.0
93.11877763326459,28.440430944922127,0.7832255456195786,305827,1034062,1339889,0.49062067925103114,48.91762825129544,2.3646600131567075,3.41349541240779,0.48558814082454543,128016,299819,49,50,80.0
103.77325539385701,27.969949199899848,0.8262368558121694,285817,1604240,1890057,0.6920730367688414,34.67842080953114,2.1559917479106856,3.945471984204697,0.6841552229599445,128016,403610,50,50,80.0
65.07258455486033,29.996823044702644,0.7722886243276935,199074,671208,870282,0.31866695374015747,75.31373968437818,1.2567545748924709,3.0198005673181374,0.30191348598595746,128016,219764,51,50,80.0
88.2251913335052,28.674877519827394,0.8796083100103508,228581,1103239,1331820,0.487666092519685,49.21400189214759,1.5924556593827826,3.5644868396248377,0.4730545816783357,128016,305249,52,50,80.0
42.60866207642014,31.835824634182302,0.9177958305707085,184684,509415,694099,0.25415487614829396,94.43061004265962,1.0218047815073745,2.487549299486372,0.2289484405456351,128016,198771,53,50,80.0
63.4156311515748,30.108840416902247,0.8575436100049049,304041,738096,1042137,0.38159426848987626,62.89402640919572,2.3352931054463557,2.993301001574855,0.37792385683438307,128016,244933,54,50,80.0
81.86114614091207,29.00002539943109,0.802946432572396,268275,976478,1244753,0.45578518993719536,52.65638403763638,2.0175723519474884,3.4244477746153223,0.4488506599407248,128016,282537,55,50,80.0
92.63725237470317,28.462946954884455,0.8628819853716703,259162,1401486,1660648,0.6080714520059992,39.4690458182589,1.9067606761775107,3.927446565732035,0.594491273599185,128016,351237,56,50,80.0
52.20404102319241,30.95376238590812,0.8366681838199591,258770,496829,755599,0.27667403390982376,86.7446780633643,1.9190996329279908,2.419053272115049,0.26662965798658106,128016,199455,57,50,80.0
138.4693541725253,26.71726694228855,0.894987474843625,267877,2409378,2677255,0.9803175237860893,24.4818636999464,1.9972969740390794,4.128821263864699,0.9713754694949734,128016,580589,58,50,80.0
96.3322496064945,28.293086585670117,0.8500590265075095,300471,1412220,1712691,0.6271277857845894,38.26971239996006,2.312052724831073,3.703446923626238,0.6188807429892323,128016,376457,59,50,80.0
87.65802419228847,28.702886834166925,0.7944835570704417,270204,849512,1119716,0.4100009959692538,58.53644316951799,2.037859166459492,3.1119660824983737,0.4038522397422988,128016,270583,60,50,80.0
57.491579055547746,30.534761237875433,0.8118473198695688,229258,530183,759441,0.2780808404808774,86.30583810987292,1.6244435494842662,2.526034474942416,0.2660371713068786,128016,205300,61,50,80.0
30.711627599284466,33.25777527861595,0.9581722711089317,159473,591388,750861,0.27493914334926883,87.29204473264693,0.6391583501957127,2.7267734939357164,0.2428848896846569,128016,213255,62,50,80.0
92.60723744981097,28.46435431835117,0.8343561512286085,258254,1452998,1711252,0.6266008741094863,38.30189358434643,1.8865264298247677,3.8191225429499744,0.6147620864890027,128016,376373,63,50,80.0
70.7784214961411,29.631794881154384,0.8738687354264182,226383,1038423,1264806,0.4631279000281215,51.82153784849218,1.5628785206756604,3.411079479775231,0.4486911564569324,128016,300581,64,50,80.0
81.84107748250219,29.001090224020196,0.8349195516895431,311097,1124934,1436031,0.5258245307227222,45.64260242292819,2.3982202485374415,3.430450537787611,0.5181016471117975,128016,322969,65,50,80.0
63.24288187121141,30.12068709091483,0.8651500393340813,248682,827209,1075891,0.39395380753187104,60.920847929762395,1.828619125772,3.180369079060228,0.3866011471587698,128016,258372,66,50,80.0
107.64716263494407,27.810777736961114,0.8540904299716159,254089,1739345,1993434,0.7299260932227222,32.88004117517811,1.8612023473138475,3.866949236953006,0.7200609568044026,128016,446923,67,50,80.0
92.09343912577334,28.488516693569107,0.8232897658082612,251477,1238771,1490248,0.5456769075740533,43.982070098399724,1.8590139700439448,3.565515455436313,0.5319194256173098,128016,340678,68,50,80.0
146.69555355873484,26.466634105840768,0.854031311668875,325423,2272379,2597802,0.951224602784027,25.23063420537824,2.5257075005659795,4.080930325838828,0.946644136039549,128016,554276,69,50,80.0
61.89514347815898,30.214237868620234,0.8316861242273407,274825,626809,901634,0.33014696405136856,72.69489837339763,2.0864506503619324,2.7211135125714496,0.3255910910404804,128016,228617,70,50,80.0
97.23965461348581,28.25236953268842,0.7489505600305346,180599,179291,359890,0.13177918189913762,182.12284864819804,1.108661529619706,0.705315082498935,0.08821581317945766,128016,140351,0,100,160.0
167.79829608701257,25.882928144095864,0.738110492281867,161780,237074,398854,0.14604644146044243,164.33128914339585,0.8169116969908837,1.1741835331935075,0.10257554887568218,128016,149514,1,100,160.0
127.69883134725347,27.068934380897062,0.786596347261136,161704,256924,418628,0.15328699146981628,156.56905892582435,0.7857404236966248,1.309987618132538,0.10954743415279238,128016,151595,2,100,160.0
213.4595685304962,24.837647336236834,0.6475683693247631,208364,343974,552338,0.20224693592988377,118.66681633347696,1.474620642847763,1.787972016706433,0.18513576434752757,128016,177202,3,100,160.0
128.2165807154965,27.0513616994703,0.6902594855237827,170357,214179,384536,0.1408036886014248,170.45008009653193,0.9243919990502955,0.9853018747645166,0.09526598103141755,128016,143951,4,100,160.0
159.64861081817898,26.099152169878998,0.7010492756183072,227672,328609,556281,0.20369072518278966,117.82568881554465,1.6307304355801562,1.725147422560921,0.1850309684616685,128016,171905,5,100,160.0
155.59431511490752,26.21086635562108,0.6895020505192034,159189,355210,514399,0.18835499566460442,127.41897243190597,0.712223251099845,1.8857311744403007,0.1502541924603263,128016,169255,6,100,160.0
496.74113123554866,21.169502388653143,0.7600197798669545,296708,1662504,1959212,0.7173951888826396,33.45436430564941,2.293637064084952,3.8675118827441954,0.7121089440177385,128016,426929,7,100,160.0
121.1550531281246,27.297388284868724,0.8436907749225346,154912,246444,401356,0.1469625867079115,163.30686971167742,0.6713952694153024,1.233503788493698,0.09861227373660056,128016,148651,8,100,160.0
159.0280475194507,26.116066339769933,0.6367076964593058,230590,300177,530767,0.19434838711567304,123.48957640546605,1.6775929045990252,1.5780358280135058,0.17533737111011505,128016,167353,9,100,160.0
284.81465451584177,23.585180296543918,0.711297543371387,223110,723151,946261,0.3464878169525684,69.2665046958503,1.5995653669576986,2.9988934589119376,0.3374473719419738,128016,239022,10,100,160.0
210.70237167619672,24.894109367923768,0.6906371015026872,218121,426426,644547,0.23601065980033745,101.69032204013051,1.5353408357707807,2.1612072215475537,0.220985129695088,128016,188304,11,100,160.0
277.59346487939007,23.696711231493126,0.7092865145549768,223465,820941,1044406,0.3824250972534683,62.7573874527722,1.5702994476451535,3.154796172736294,0.3720002646177094,128016,258309,12,100,160.0
273.5474028881155,23.76047765010553,0.7246293783564083,268125,862037,1130162,0.4138259573022122,57.99539535040109,2.0141955867880608,3.268508339311152,0.4077101803631106,128016,261774,13,100,160.0
189.6144101372094,25.35209021508988,0.8460983761197435,196815,648614,845429,0.30956665084833146,77.52773089165382,1.199275424759509,2.900487733912349,0.2907257825088749,128016,220807,14,100,160.0
194.12406432594364,25.25000985416853,0.6882813892602077,198890,369889,568779,0.20826705743813273,115.23665958131366,1.3374051228446227,1.9349502876744276,0.18734565144782744,128016,175939,15,100,160.0
150.42123884905013,26.357711997205,0.7784437588031756,166519,292759,459278,0.1681716055024372,142.71136871350248,0.8770665789560057,1.542472437467588,0.13158154342014114,128016,160179,16,100,160.0
412.2891104676369,21.978784966614363,0.667170538511327,302007,1281806,1583813,0.5799371514107612,41.38379467778077,2.3271463898863085,3.6109067318511494,0.5698451205135135,128016,348483,17,100,160.0
210.93216277652795,24.889375551853668,0.7150264393218891,186052,444071,630123,0.2307290934336333,104.01809170590504,1.153278558496765,2.2632235642936553,0.20842110618908619,128016,186266,18,100,160.0
339.9011881327334,22.81727678195448,0.6305898855043325,219434,773797,993231,0.36368659483970756,65.99088429579825,1.5821078977831986,3.0685359958057585,0.35482197873420307,128016,249789,19,100,160.0
178.86969951509968,25.60543583452702,0.6943484871302662,249913,610446,860359,0.3150334967894638,76.18237503181811,1.8214617050259647,2.720120948941122,0.3064751072701381,128016,221979,20,100,160.0
211.9304237360955,24.868870544059515,0.6183821497287815,190586,500761,691347,0.25314718960911137,94.80650382514135,1.2560258434963323,2.448696302555838,0.2361268739044631,128016,197686,21,100,160.0
279.9881322207771,23.659407374551922,0.6955705791129314,226314,738570,964884,0.35330691085489313,67.92960811869614,1.6177308588067998,2.9727555971554556,0.3440118723941472,128016,246372,22,100,160.0
111.14983893614861,27.671715231553712,0.8205707986413108,182765,354134,536899,0.19659371191882263,122.07918435310926,1.0346801210713614,1.8736113248385888,0.1656205479113265,128016,170716,23,100,160.0
196.65152854428354,25.193830343999597,0.757247737830164,231333,520357,751690,0.2752426942725909,87.19577485399567,1.6281609660330167,2.4940311521889016,0.26195815784911136,128016,203277,24,100,160.0
141.53079217148638,26.62229423372821,0.8206296317411561,184235,266176,450411,0.1649248189679415,145.52085095612674,1.0788830209257345,1.38124801804902,0.12944920830025533,128016,155955,25,100,160.0
276.7128267902059,23.710510699051493,0.7542845157862428,258931,756114,1015045,0.3716741217894638,64.5726957918122,1.932524746013698,2.9974917326172377,0.3659834504299799,128016,250913,26,100,160.0
227.10869747238627,24.56846594363125,0.652047026298527,231405,487523,718928,0.26324639107611547,91.16934101885029,1.6612767945486762,2.3793116373107637,0.2510710930280406,128016,198800,27,100,160.0
136.3255916252656,26.785029697554798,0.6682052723933483,189733,283535,473268,0.17329425618672667,138.4927609726413,1.1883828203415592,1.488868506123476,0.14301579640979886,128016,160152,28,100,160.0
52.080181261522,30.96407873772794,0.8567923748652629,149535,190494,340029,0.12450677552024747,192.7605939493396,0.5571643187522978,0.786217146109794,0.06660008866676538,128016,140622,29,100,160.0
124.3110886773919,27.18570490982408,0.7448395474498023,199177,258651,457828,0.16764066601049868,143.16335392330745,1.3106708830279978,1.3294932374729034,0.13677851023238713,128016,154763,30,100,160.0
194.15782682926354,25.249254584903696,0.7671487035955004,200706,538524,739230,0.2706802762935883,88.66549247189643,1.301641356381528,2.5387569158292265,0.2541620527321924,128016,207774,31,100,160.0
152.7733778150778,26.290326798961125,0.8365513100527049,187058,536502,723560,0.26494246812898387,90.58570401901709,1.0706029769805823,2.5586966242313984,0.24209744208688994,128016,204837,32,100,160.0
227.9274302138014,24.552837668256096,0.6936441401640417,193391,571892,765283,0.2802199773856393,85.64699856131652,1.2370435382900329,2.64529829624401,0.2630937791915274,128016,211753,33,100,160.0
96.32958892833709,28.29320653862507,0.8023111653894209,199018,248628,447646,0.1639123722815898,146.41969770756356,1.2693976773998883,1.2663851329450297,0.1314298640635716,128016,155113,34,100,160.0
176.6421262771841,25.659860770963743,0.7122971390671555,226673,301304,527977,0.19332678630015,124.14213497936463,1.6587681017832474,1.578773077549884,0.1756106504437421,128016,169274,35,100,160.0
129.58054474147764,27.005405595314798,0.7361112818284262,187512,320212,507724,0.18591084317585302,129.09413775988529,1.118934083742793,1.705145608609527,0.15401547773456872,128016,162670,36,100,160.0
291.36195536593084,23.48647517803583,0.6557897313661636,187497,741965,929462,0.3403366083145857,70.51842033348323,1.1944453752959816,3.1107247669936418,0.3254019780981339,128016,236526,37,100,160.0
220.3533932037792,24.69960618305472,0.6813804446213196,175832,385236,561068,0.20544355783652044,116.82040679561123,1.0665593530470034,2.0305048527965557,0.18012980061744469,128016,175030,38,100,160.0
129.3383108605565,27.01353176042259,0.7505172574064326,220357,319706,540063,0.19775225850674916,121.36397420300965,1.5182729380928324,1.6844017069130386,0.17527845680657073,128016,168798,39,100,160.0
106.00422017560305,27.877572053909375,0.7212715200998976,159441,196091,355532,0.13018343410198724,184.35525353554675,0.749060616352305,0.8569316865450366,0.08008985901018792,128016,143342,40,100,160.0
127.5085665561336,27.075409974071228,0.7508276065602746,205432,261319,466751,0.1709079577943382,140.42646293205584,1.3774558464100184,1.347636753986203,0.14152542856042283,128016,155955,41,100,160.0
188.81241907749813,25.370498043833773,0.774743427982715,239841,612532,852373,0.3121093017669666,76.89613819302113,1.713996463209761,2.7258476425866474,0.30205984865950164,128016,222136,42,100,160.0
157.73181147766687,26.151610698474876,0.7359307932627358,198650,382072,580722,0.21264016802587177,112.86672796966535,1.2765374326901053,1.985053193995755,0.19010288298371653,128016,179217,43,100,160.0
124.18673898672822,27.19005137751733,0.6624852624522841,190723,450050,640773,0.23462875246062992,102.28925376069216,1.114041854416589,2.262936476939061,0.21008057688941537,128016,190512,44,100,160.0
95.34103903515967,28.3380048027104,0.8282933160064295,174920,172758,347678,0.1273075728815148,188.51981431094288,0.9997303052381312,0.636462115050608,0.07921229722053343,128016,138811,45,100,160.0
117.39440895083428,27.43432947258034,0.8450149984704254,148318,171337,319655,0.11704652641076116,205.046665936713,0.5288277341665762,0.5897941565620733,0.05428209283761933,128016,136567,46,100,160.0
381.47020221105174,22.316197413050084,0.7122744296686166,269906,1363626,1633532,0.5981425173415823,40.12421672792452,2.045883856604138,3.7551266704675794,0.5877824587088042,128016,357733,47,100,160.0
245.55809527715286,24.22926104842784,0.7079167779677191,213012,577763,790775,0.2895542598190851,82.88601941133697,1.4755894867525852,2.666527242667482,0.2765660572700068,128016,212413,48,100,160.0
208.27293731838208,24.94447518845533,0.6660538147571585,227134,431271,658405,0.24108497668260218,99.54996089033345,1.6526057549580233,2.180667628764654,0.22788920070507462,128016,188386,49,100,160.0
259.25867787034434,23.993470589191517,0.7173553141758277,232485,754170,986655,0.3612786927024747,66.43070982258236,1.638638904583308,3.084705111860487,0.3508194084731251,128016,242590,50,100,160.0
135.64895330466504,26.8066391386327,0.7170061864983333,167452,380014,547466,0.20046297923697037,119.72285402198493,0.8476833731728524,2.0084462120432054,0.1675185888410664,128016,173755,51,100,160.0
200.27758700572585,25.114480105976547,0.8049830048059395,184026,476925,660951,0.24201723319741283,99.16649191846294,1.1008873701533748,2.3864189649428402,0.21909071925351867,128016,191671,52,100,160.0
87.38162673513467,28.716602354003303,0.8811113554559858,160058,275845,435903,0.1596124947272216,150.36416817502976,0.7065223968345912,1.439940316682244,0.11533062701824964,128016,155925,53,100,160.0
158.41068694538183,26.132958835838448,0.7611086147903078,239886,381633,621519,0.22757860833802024,105.45806644688255,1.7393314907420896,1.9680958036346596,0.212446985212173,128016,181664,54,100,160.0
188.54569729076835,25.37663734835357,0.6895813468575107,203763,428277,632040,0.2314310320584927,103.70260110119612,1.3840831638928652,2.2033844989590627,0.21317245308530058,128016,183804,55,100,160.0
210.1663676317804,24.905171426132547,0.7737875657117619,205657,686738,892395,0.3267639640748031,73.44751147193789,1.3521923544553027,2.9473386444824072,0.31213500020162277,128016,230493,56,100,160.0
130.32063460329178,26.98067174742129,0.7485616901925524,198902,261197,460099,0.16847222710442444,142.4567147505211,1.317820523156793,1.3465990162875405,0.13845035676105044,128016,155508,57,100,160.0
329.6729295556805,22.94997073498067,0.8033231625389016,207222,1153546,1360768,0.4982658417697788,48.16705860220111,1.3636033079410907,3.601523414957061,0.4795092246289795,128016,315139,58,100,160.0
229.26554651859925,24.527415659770348,0.7318733132515285,232602,612847,845449,0.30957397415166854,77.52589689029143,1.6795776882647762,2.7023314880514153,0.3006670619269265,128016,224292,59,100,160.0
180.3484914727456,25.56967846860062,0.6822800304549105,202322,362551,564873,0.20683681629640044,116.03350133569847,1.3753378472942792,1.8845832427656948,0.1871825050507953,128016,177828,60,100,160.0
131.9550610372922,26.92654308953621,0.7255522115761925,181328,250580,431908,0.1581496648856393,151.7549848578864,1.08962134750345,1.2763427626616413,0.12266221583749878,128016,153174,61,100,160.0
77.58506090059055,29.233022554992996,0.9442873600609021,145189,358134,503323,0.18429935027652794,130.22292245734846,0.4147158665579562,1.8991163323819356,0.1379433447003766,128016,170413,62,100,160.0
195.26949780691476,25.224459515212327,0.7344344006069369,201666,630941,832607,0.30487168107892765,78.72164418507171,1.2892185426275735,2.8319633211509254,0.2881022230491385,128016,219554,63,100,160.0
171.06221963953723,25.79926257895088,0.7859695097989824,184044,456395,640439,0.23450645329490064,102.34259937324242,1.098621422593655,2.2891728175473354,0.21124831281863354,128016,190584,64,100,160.0
210.92719281671822,24.88947788103481,0.7242929788534885,241093,537201,778294,0.28498415237157854,84.21520916260437,1.764627267454921,2.5104195470468946,0.2755544318028731,128016,209782,65,100,160.0
156.13271949404762,26.19586436622379,0.785605809706488,191512,384783,576295,0.21101915483220848,113.73375094352718,1.2276130745655431,2.0188854793916824,0.1877328946415579,128016,176110,66,100,160.0
244.95677505643826,24.23990905118284,0.7577939062644439,199122,795839,994961,0.3643200605783652,65.87614187892792,1.2804967173037047,3.089970638747813,0.3486897353531583,128016,255132,67,100,160.0
209.59283239009187,24.917039342101205,0.7093499896836412,191863,477935,669798,0.24525669642857142,97.8566552901024,1.2416527148859935,2.3607436669123896,0.2266895755331877,128016,194913,68,100,160.0
335.6554745842317,22.871866258899978,0.7261042497867173,241479,1008841,1250320,0.45782363142107235,52.42193358500224,1.7708420227449349,3.373014211088893,0.4481300719555126,128016,295626,69,100,160.0
158.56037038338957,26.128857092509637,0.7116055936960001,209192,284542,493734,0.18078819249156355,132.75203247092563,1.4481967945407257,1.4912897116244839,0.15700313105852776,128016,163204,70,100,160.0
251.43696942667322,24.126512273843357,0.6517779314469903,152398,138735,291133,0.10660276352174729,225.13487649974408,0.6729653262717686,0.2079586401097169,0.041504238696260194,128016,130786,0,200,320.0
247.66763236626673,24.192111084332296,0.6946596800963135,141658,148444,290102,0.10622524723472065,225.9349883833962,0.42565548052899893,0.33971712570368656,0.03646969594398377,128016,132782,1,200,320.0
315.46790110708815,23.14125184550071,0.7288249088022006,144628,162047,306675,0.11229370254499438,213.7252531181218,0.47984451053033284,0.4910094681197531,0.04675760550552367,128016,134962,2,200,320.0
396.2926250429634,22.150643706254385,0.46431066006944666,162322,165978,328300,0.12021202427821523,199.64724946695094,0.8616258093327382,0.5694604905369595,0.06908080187458843,128016,137601,3,200,320.0
297.40008585352615,23.397392713097247,0.639361332152861,150203,153551,303754,0.11122413409261342,215.78050659415186,0.599368656629526,0.3883161739398613,0.047029567330977844,128016,133163,4,200,320.0
481.6101111140404,21.3038476477151,0.5666836737154265,182269,183937,366206,0.13409188109298836,178.98175343932107,1.1517785914158947,0.7564774008667597,0.09335042971110406,128016,142099,5,200,320.0
316.9372759069179,23.121070400473037,0.5067700703438048,145117,178578,323695,0.1185258336848519,202.48750212391295,0.4884724344800538,0.6631515552049283,0.05637490953411592,128016,137869,6,200,320.0
1135.561808680165,17.578695830006822,0.5613480604863286,217628,653567,871195,0.31900126253749533,75.23481195369578,1.5849024683215083,2.8350791034690466,0.31060806726946366,128016,227641,7,200,320.0
294.9001693391842,23.434053389330938,0.8116697313622095,140215,157158,297373,0.10888763416291714,220.4107030564308,0.3769604357313081,0.41784858227387967,0.038061920117941635,128016,133279,8,200,320.0
356.7200508627828,22.607528396026538,0.537040664597123,178162,175708,353870,0.12957486759467565,185.22110379517903,1.0803541426544683,0.6741550786434194,0.08522014986124805,128016,140078,9,200,320.0
574.5413736124781,20.537590525004966,0.5620433299975686,175326,272712,448038,0.16405590902699663,146.2915913382347,1.05696182707249,1.4193490233081816,0.1312325144016502,128016,157177,10,200,320.0
372.8436691995532,22.41553587599862,0.5691617306887479,168655,210220,378875,0.1387308275918635,172.99687759815245,0.9188671230660834,0.9823035999624742,0.09586903156421345,128016,146787,11,200,320.0
564.0609953052743,20.61754291472877,0.5547216414570043,174482,320531,495013,0.18125651773997,132.40903168199623,1.0045557795516953,1.6897766911815666,0.15077841584988777,128016,167583,12,200,320.0
569.9722598151793,20.572266415153486,0.5691431468615916,204572,361279,565851,0.2071949258295838,115.8329524910268,1.3789979129191439,1.9043761469603735,0.18518279105762744,128016,172866,13,200,320.0
431.3024368047744,21.782984490055725,0.7679779913494712,164588,297378,461966,0.16915585747094114,141.88098691245676,0.7842820701288772,1.5697666660099552,0.12868598261811331,128016,159923,14,200,320.0
343.19119301981783,22.775442264230932,0.5718772092054142,155798,174542,330340,0.12095900121859768,198.41433674396077,0.7315804000028318,0.6415348751179906,0.06679748291714602,128016,138372,15,200,320.0
278.271271510983,23.686119884119464,0.6870518124192723,144675,157738,302413,0.11073310660386201,216.73734925416568,0.5001303362880732,0.457127937188059,0.046015888215587546,128016,134853,16,200,320.0
846.8052236878593,18.85296832479658,0.4945131451393469,217470,428625,646095,0.23657748347862767,101.4466788939707,1.5771500372232037,2.182705967318478,0.22275768905450882,128016,186215,17,200,320.0
434.0819176167432,21.755086658903764,0.6304655695500951,153357,208531,361888,0.1325107799025122,181.11734017154478,0.6569674757602992,0.9428801936112142,0.0804288189161922,128016,143761,18,200,320.0
682.1307191337411,19.79212752841139,0.4503229741992656,169996,246182,416178,0.1523898868110236,157.49076597033002,0.984452320525274,1.2419575978351558,0.11529316024442139,128016,152051,19,200,320.0
427.2290037231674,21.824196324622214,0.5973196299014588,197889,292449,490338,0.1795446955849269,133.6714511214713,1.2711811535796207,1.5388006846235254,0.15170703567588165,128016,163492,20,200,320.0
495.88473987138326,21.176996171495457,0.46864651204398644,158947,203156,362103,0.13258950541338582,181.00980107869862,0.8015892347726792,0.8944922618553125,0.08419964512390612,128016,142353,21,200,320.0
540.1652615688664,20.805537099206983,0.5330010344840727,173575,266441,440016,0.1611185320584927,148.95865604887095,1.0326797644329448,1.3790290912765648,0.12819237560633026,128016,158006,22,200,320.0
218.9680064406012,24.726996964448258,0.7506527491598871,154995,197432,352427,0.12904649125890513,185.97948511322912,0.6623734783791836,0.8595721077712801,0.07601831546378443,128016,142876,23,200,320.0
406.08167497129267,22.044669691085165,0.6221011783987951,182869,263192,446061,0.16333200049212598,146.9399745774681,1.0818421560520006,1.3603083332577561,0.1287746899175353,128016,156723,24,200,320.0
343.28555951990376,22.774248258742173,0.7465388222433548,157009,167768,324777,0.11892202439538807,201.8129116285944,0.7109072155261799,0.5759190001344583,0.06224954437161756,128016,137166,25,200,320.0
704.3902306401153,19.652670368669803,0.6024116558350774,202596,318958,521554,0.1909749074334458,125.6709602457272,1.3863958744949154,1.6787599004936575,0.16901233343515717,128016,169228,26,200,320.0
504.5546953115236,21.101721088590306,0.5007492783538566,180384,206823,387207,0.14178171576209223,169.27429514445762,1.1065348905025365,0.9585490213008587,0.10334391291000028,128016,146658,27,200,320.0
390.35315763752186,22.21622664066128,0.5289786737630333,158430,168386,326816,0.11966863517060368,200.55380397532556,0.7570398334763986,0.5831966332496541,0.06481618483331242,128016,137347,28,200,320.0
130.78617016134703,26.96518538440534,0.8168679702616776,138675,144741,283416,0.10377706692913385,231.26496739774748,0.34878485708799994,0.2871961341731084,0.030215743535320763,128016,131859,29,200,320.0
416.52133082974,21.934431135298176,0.6549000904128609,166184,164568,330752,0.12110986126734158,198.1671826625387,0.8769861868149842,0.5391065175293777,0.06803929916911718,128016,136425,30,200,320.0
650.1222137271903,20.000853553663127,0.5959627905315092,169925,225560,395485,0.14481283101331083,165.7311705880122,0.9785061235218809,1.0939322393153739,0.10536343477528012,128016,148532,31,200,320.0
294.8356459104721,23.435003718899885,0.7604574299838952,159661,251340,411001,0.15049424974221973,159.474531692137,0.7190489349994714,1.2818337903933528,0.1059506926189224,128016,153922,32,200,320.0
533.4467030732486,20.85989325518751,0.5378183022550833,164280,222955,387235,0.14179196838676417,169.26205534107194,0.882549064340001,1.0655736635177542,0.0987464227623974,128016,147054,33,200,320.0
204.99861235607267,25.013294395591814,0.7207057839962822,162838,163937,326775,0.11965362239876265,200.57896717925178,0.8191122380688075,0.545451355701855,0.0657824171931428,128016,137121,34,200,320.0
381.64137258721564,22.314249117321513,0.6192184650408185,174721,167355,342076,0.1252563156167979,191.6071048538921,1.0539719596581203,0.5929862273279422,0.07948929044835813,128016,138554,35,200,320.0
332.2740039575131,22.915839960545497,0.6509363279366217,158556,191857,350413,0.1283090346128609,187.0484028845962,0.711452624029398,0.8001141483562787,0.07464753296158239,128016,140962,36,200,320.0
571.3812728975284,20.56154358651332,0.4896874096640831,153962,235469,389431,0.14259606709317585,168.30758722341056,0.7031994605076988,1.1557016737233565,0.09529147122810307,128016,147288,37,200,320.0
447.4412496533636,21.623443416101132,0.6080965507696398,149213,165243,314456,0.11514283370828647,208.43676698806826,0.6135375238493882,0.5265210922986111,0.05489815346742462,128016,135578,38,200,320.0
384.8762620492751,22.277592348575652,0.6182448521210868,179915,185205,365120,0.13369422572178477,179.51411042944787,1.0859558217483267,0.7650562903462487,0.09065057190013366,128016,141882,39,200,320.0
336.8986934494516,22.855810341515387,0.6527567762257523,142490,143285,285775,0.10464085055774278,229.3559338640539,0.4546275765279708,0.2735287935218119,0.03451232442779909,128016,131810,40,200,320.0
382.1892737040682,22.3080186662747,0.6633255758105406,169600,168648,338248,0.12385463535808024,193.77554930110452,0.9419730071941457,0.589633093492703,0.07386217176518496,128016,137595,41,200,320.0
380.44197514861423,22.327919331237617,0.6786124704796704,186583,311756,498339,0.1824743830849269,131.52531108341913,1.1380893166530197,1.6387375513059002,0.1544075233811257,128016,168419,42,200,320.0
283.183031930579,23.610131336004958,0.6141810991836727,160261,190856,351117,0.1285668148903262,186.67336528849359,0.7778732001032838,0.8093196296438046,0.07862020450261965,128016,142258,43,200,320.0
242.98741893103207,24.274965729909056,0.579797855543918,163026,228941,391967,0.14352466195631797,167.21864850867547,0.7720813595173064,1.1188650453788802,0.09734442229701884,128016,149267,44,200,320.0
315.222226127984,23.14463529130256,0.7716585516542288,149621,138960,288581,0.1056683100159355,227.12580523319278,0.6006750473826171,0.21411594223804611,0.03842335851883453,128016,130950,45,200,320.0
185.03135020720066,25.458350429054242,0.8348489174927121,137165,136431,273596,0.10018132499062617,239.56560768432288,0.2984769689749657,0.16402731851972072,0.02180031096267452,128016,130021,46,200,320.0
800.9078586856331,19.094978057901212,0.5540419418836587,200520,541743,742263,0.2717908552446569,88.3031917258438,1.3414366911456783,2.583110894255445,0.256476392746123,128016,204681,47,200,320.0
507.1593348194757,21.07935937310331,0.5548324397936173,168685,233544,402229,0.1472822488985752,162.9524275972145,0.9285127454395012,1.1512261125116605,0.10666845470385564,128016,149795,48,200,320.0
473.84155606037524,21.37447215041952,0.5264985088595466,178039,199734,377773,0.13832731357799025,173.5015260487118,1.1023057264121248,0.8854627606209317,0.09831367854480903,128016,143860,49,200,320.0
524.951299300478,20.92961345892658,0.6264727204876562,181431,330895,512326,0.1875959352737158,127.93454167854061,1.0264124827286523,1.7555700878563714,0.15559081526972354,128016,167195,50,200,320.0
314.3589110687336,23.156545851490115,0.6591905670875866,147710,226070,373780,0.13686521606674165,175.35500026753706,0.5249123912894655,1.0971072132895041,0.08444021975546417,128016,148946,51,200,320.0
487.4548325502281,21.25145980593304,0.7021474003503222,157199,208084,365283,0.133753910643982,179.4340059625003,0.7509153654209946,0.9447451767735033,0.08505256779917669,128016,144113,52,200,320.0
209.89100849698474,24.91086526591296,0.8237986925110424,145367,169306,314673,0.11522229154949382,208.29302800049575,0.4795014216773473,0.5733510953675159,0.05112289587187202,128016,136449,53,200,320.0
380.42420185758033,22.328122227422405,0.6437065145384112,183368,208463,391831,0.1434748634936258,167.2766881640299,1.1123852385570563,0.9747965232947969,0.10479619357996345,128016,147514,54,200,320.0
496.7401273327162,21.169511165657376,0.5488842589420767,166413,205151,371564,0.1360537940569929,176.40081385710133,0.921066768853345,0.9157654536921234,0.09118095915277764,128016,143164,55,200,320.0
480.36708033566117,21.315071234160587,0.6594168301125273,167557,312672,480229,0.17584313191319836,136.48528514521198,0.8862840862258844,1.6571329305628342,0.14085574852276184,128016,163668,56,200,320.0
367.72212750749907,22.475605967448598,0.6215762091853465,165522,165701,331223,0.12128232506092988,197.88538839392191,0.8877881346575122,0.5524813916046234,0.06926515410040704,128016,136679,57,200,320.0
761.4660695489235,19.31429804654779,0.6699215334401735,172548,418144,590692,0.21629083473940758,110.96170593134832,0.9783983486052856,2.166010365722704,0.18987353429998008,128016,181576,58,200,320.0
479.0235969039026,21.327234533975222,0.5802724066620825,176015,245654,421669,0.15440049974221973,155.43991139969975,1.0389803128146522,1.2452628494331959,0.118858947416035,128016,153862,59,200,320.0
546.8583460758812,20.752055162249093,0.5065525742838184,171589,180333,351922,0.1288615778496438,186.24636140963054,1.0037924788740866,0.7116148101030226,0.0836204424138571,128016,140338,60,200,320.0
298.50020248933725,23.38135730796251,0.6207000236584441,153204,157606,310810,0.11380779550993626,210.88186351790483,0.6587846681699712,0.4556657109606145,0.05336826070740463,128016,134779,61,200,320.0
227.3186685404559,24.564452572539114,0.8828820465887119,137961,216454,354415,0.12977442761061117,184.93628091361822,0.2962735589942163,0.99507467464931,0.06602324339575329,128016,143087,62,200,320.0
366.52644127491874,22.489750506886402,0.5968104700304084,166331,256102,422433,0.15468024992969628,155.15878731065044,0.8656938410574694,1.3071131803095086,0.1135238542380923,128016,152406,63,200,320.0
445.23307621215315,21.644929404190123,0.6679455651471639,155482,206877,362359,0.1326832436961005,180.88192096787992,0.709303558199235,0.936343798174015,0.08269330914310785,128016,144214,64,200,320.0
522.4368515214895,20.950465573636002,0.5928299391176718,185254,244687,429941,0.1574294180024372,152.4492709464787,1.1577856271704199,1.2321591053464103,0.1227995301367881,128016,151889,65,200,320.0
329.99662456743687,22.94570863230124,0.7050521001922506,158795,192870,351665,0.12876747340176228,186.3824719548434,0.7645117709667002,0.8119960805437512,0.07784608799544374,128016,141292,66,200,320.0
561.7881059545291,20.635078206855066,0.6400307790623513,165773,314624,480397,0.17590464766122985,136.437554772407,0.8671979987111342,1.664999638831374,0.14091661013240897,128016,164462,67,200,320.0
437.6434290928478,21.719599486405244,0.5864486189581358,160327,191818,352145,0.12894323268185226,186.12841869116417,0.8235199909281454,0.8040279004999276,0.08022841235999371,128016,141389,68,200,320.0
676.7517060855674,19.826510015711165,0.5418250185966929,186699,356318,543017,0.1988339104096363,120.7037569726178,1.1887011675738421,1.8639011914183234,0.175020613974055,128016,174800,69,200,320.0
277.86643002632485,23.69244279491667,0.5868729639605604,162514,161706,324220,0.11871807039745032,202.15962001110358,0.8499706995582377,0.5240297294137344,0.06609770494266513,128016,136831,70,200,320.0
